movie_id,person_id,person_name,character,order
969681,1136406,Tom Holland,Peter Parker / Spider-Man,0
969681,505710,Zendaya,MJ,1
969681,103,Mark Ruffalo,Bruce Banner / Hulk,2
969681,19498,Jon Bernthal,Frank Castle / Punisher,3
969681,1649152,Jacob Batalon,Ned Leeds,4
969681,1590797,Sadie Sink,Jean Grey,5
969681,1373737,Florence Pugh,Yelena Belova / Black Widow,6
969681,59693,Liza Colón-Zayas,Detective Jean DeWolff,7
969681,2028037,Tramell Tillman,William 'Bill' Metzger,8
969681,3141,Marisa Tomei,May Parker,9
1423191,148992,Austin Abrams,Bryan,0
1423191,1838225,Zach Cherry,Dave,1
1423191,3119545,Kali Reis,Pauline,2
1423191,1294982,Paul Walter Hauser,Carl,3
1423191,1169291,Johnno Wilson,Max,4
1423191,2445714,Shaun W. Loeser,Puker,5
1423191,84833,Zach Cregger,Intercom (voice),6
1423191,1362996,Emily Piggford,Dr. Maria Stokes,7
1423191,1221073,Will Merrick,Dave,8
1423191,5848547,Zoé Bellas,Birdie,9
1101383,1813,Anne Hathaway,Denise Platt,0
1101383,3061,Ewan McGregor,Greg Platt,1
1101383,1104567,Maisy Stella,Audrey Platt,2
1101383,1721268,Christian Convery,Brian Platt,3
1101383,1900828,Jordan Alexa Davis,Jeannette Christiansen,4
1101383,1211946,P.J. Byrne,Mel Jacobs,5
1101383,1488908,Hudson Meek,Kaden Tucker,6
1101383,156395,Anne Gee Byrd,Mrs. Huddleston,7
1101383,156511,Emily Kuroda,Mrs. Valcourt,8
1101383,4019851,Simms May,Zachary,9
1204680,62831,Will Forte,Kevin Avery,0
1204680,1452046,Lana Condor,Paige Avery,1
1204680,56446,John Cena,Buddy Crane,2
1204680,1120700,Tone Bell,Sal Maltese,3
1204680,1572541,Martha Kelly,Dottie Jones,4
1204680,40481,Luis Guzmán,Judge Troppogrosso,5
1204680,1211946,P.J. Byrne,Bill Pellicanos,6
1204680,1542758,John Early,Henry Heslop,7
1204680,110928,Nancy Linehan Charles,Cherry,8
1204680,41561,Kenneth Choi,Oscar Jeon,9
1368337,1892,Matt Damon,Odysseus,0
1368337,1136406,Tom Holland,Telemachus,1
1368337,1813,Anne Hathaway,Penelope,2
1368337,11288,Robert Pattinson,Antinous,3
1368337,1227717,Himesh Patel,Eurylochus,4
1368337,6885,Charlize Theron,Calypso,5
1368337,5723,John Leguizamo,Eumaeus,6
1368337,1978406,Travis Scott,Bard,7
1368337,1154054,Corey Hawkins,Polybus,8
1368337,84706,Jarreth J. Merz,Leodes,9
1375646,63436,Gianna Jun,Kwon Se-jeong,0
1375646,1096458,Koo Kyo-hwan,Seo Young-cheol,1
1375646,1253391,Ji Chang-wook,Choi Hyun-seok,2
1375646,3038410,Kim Shin-rock,Choi Hyun-hee,3
1375646,1254975,Shin Hyun-been,Kong Seol-hee,4
1375646,85173,Go Soo,Han Kyu-seong,5
1375646,2133923,Lee Joong-ok,Lee Bong-seok,6
1375646,3134668,Kim Jong-tae,Kang Woo-cheol,7
1375646,2593824,Hwang Jae-yeol,Citizen,8
1375646,6233768,Lee Dam-hee,Lee So-eun,9
1294189,3896,Liam Neeson,Ryan 'Fang' Flanagan,0
1294189,3141,Marisa Tomei,Tara,1
1294189,10182,Ving Rhames,Tanker,2
1294189,19654,Michael Chiklis,Major Walter Pope,3
1294189,1224188,Brett Tucker,Todd,4
1294189,1562086,Stella Stocker,Helene (voice),5
1294189,1254818,Hamish Michael,Captain Parks,6
1294189,222076,Toby Truslove,Captain McBride,7
1294189,217046,Eddie Baroo,Veteran Seth,8
1294189,4056071,Maurice Marvel Meredith,Major James Tilton,9
1288445,976,Jason Statham,Cole Reed,0
1288445,82809,Annabelle Wallis,Angie Ellis,1
1288445,141876,Roland Møller,Captain Marko Madsen,2
1288445,178622,Ramon Tikaram,Tibu Campallo,3
1288445,1156305,Arnas Fedaravičius,Mateo Pineda,4
1288445,1033691,Jason Wong,Taran,5
1288445,76215,Adrian Lester,Captain Adam Spencer,6
1288445,2223751,Chaneil Kular,Kameron Campallo,7
1288445,1712829,Andrew John Tait,BK Lobby Businessman,8
1288445,1917917,Simon Kluth,Jaran Daniles,9
1108427,4247263,Catherine Lagaʻaia,Moana,0
1108427,18918,Dwayne Johnson,Maui,1
1108427,7241,Rena Owen,Gramma Tala,2
1108427,205406,John Tui,Chief Tui,3
1108427,1753341,Frankie Adams,Sina,4
1108427,55936,Jemaine Clement,Tamatoa (voice),5
1108427,6337289,Emma Puahi-Shapazian,Moana (4 years old),6
1108427,6337288,Amaya Masoli,Moana (8 years old),7
1108427,1869261,Sam Puefua,Village Fisherman,8
1108427,6352141,Sione Milford,Coconut Farmer,9
1285366,84725,Keisuke Koide,Henmi Takashi,0
1285366,4620053,Kei Fubuki,Yokozawa Satomi,1
1285366,3465682,Manami Shindo,Yurina,2
1285366,1078683,Yohta Kawase,,3
1285366,107114,Kotaro Tanaka,[Gay bar owner],4
1285366,1718690,Norimasa Fuke,,5
1285366,6143263,Araki Futaba,,6
1482547,57578,MyAnna Buring,Amy Watson,0
1482547,1190069,Joseph Millson,Evan,1
1482547,9825,Saffron Burrows,Donaldson,2
1482547,1477555,Michael Amariah,Robert,3
1482547,3471358,Silvia Presente,Chloe,4
1440098,2025252,Ester Expósito,Marfil,0
1440098,1720509,Hugo Diego Garcia,Sebastian,1
1440098,1209572,Pablo Molinero,Alejandro Cortés,2
1440098,1604,Lluís Homar,Logan,3
1440098,1691348,Joaquín Ferreira,Ray,4
1440098,3578018,Zoe Bonafonte,Gabriela,5
1440098,6468000,Majo Gámez,Tami,6
1440098,3343133,João Bettencourt,Liam,7
1440098,2532676,Leander Vyvey,Wilson,8
1440098,2587055,Eric Masip,Iván,9
1084244,3234,Joan Cusack,Jessie (voice),0
1084244,31,Tom Hanks,Woody (voice),1
1084244,12898,Tim Allen,Buzz Lightyear (voice),2
1084244,81200,Conan O'Brien,Smarty Pants (voice),3
1084244,5374940,Scarlett Spears,Bonnie (voice),4
1084244,1260481,Greta Lee,Lilypad (voice),5
1084244,206869,Shelby Rabara,Snappy (voice),6
1084244,1881140,Mykal-Michelle Harris,Blaze (voice),7
1084244,64342,Craig Robinson,Atlas (voice),8
1084244,19487,Jay Hernandez,Bonnie’s Dad (voice),9
1386315,90633,Gal Gadot,Maia,0
1386315,20186,Damian Lewis,The Caller,1
1386315,5018970,Rory Wilmot,Noah,2
1386315,234923,Alfred Enoch,Ted,3
1386315,2967026,Phoenix Di Sebastiani,Tafa,4
1386315,3907201,Nathan Kirby,Wiry Dude,5
1386315,3951796,Hélder Fernandes,Buddy,6
1386315,2465566,Will Austin,NCA Officer 1,7
1386315,2838016,Mark Hampton,NCA Officer 2,8
1386315,4103339,Stevie Binns,NCA Officer 3,9
1339713,1561370,Michael Johnston,Bear,0
1339713,2638587,Inde Navarrette,Nikki,1
1339713,2823609,Cooper Tomlinson,Ian,2
1339713,1519711,Megan Lawless,Sarah,3
1339713,28637,Andy Richter,Carter,4
1339713,3095494,Haley Fitzgerald,Viola,5
1339713,1352948,Darin Toonder,Harry,6
1339713,4030428,Anthony Pavone,Reggie,7
1339713,3592074,Justice,Joe,8
1339713,5618033,Anthony Casabianca,Chris,9
1408162,85720,Suriya,Sanjay 'Sanju' Vishwanath,0
1408162,2191938,Mamitha Baiju,Madanakameshwari 'Maddy Jay' Jothilingam,1
1408162,562177,Radhika Sarathkumar,Nirmala Devi,2
1408162,123180,Raveena Tandon,Anjali Devi,3
1408162,2261843,Sunil,Ramu,4
1408162,6423626,Harika,Sireesha Ramalingam,5
1408162,130111,Nassar,Ramanadhan,6
1408162,1638514,Harsha Chemudu,Kishore,7
1408162,2036697,Bhavani Sre,Meghana,8
1408162,4189538,V.J. Pappu,Prakash,9
1232569,5752734,Jude Evan Lloyd,Pinocchio (voice),0
1232569,4916781,Cameron Bell,James,1
1232569,3901,Richard Brake,Geppetto,2
1232569,3909217,Jessica Balmer,Mia,3
1232569,5692794,Jack Art Gray,Dudley,4
1232569,5139,Robert Englund,Cricket (voice),5
1232569,185065,Emma Tate,Woodmother (voice),6
1232569,4438472,Toni Olabanji,Trey,7
1232569,6363580,Luca Marandola,Logan,8
1232569,5060873,Karolina Ugrenyuk,Amanda,9
1315772,124747,Pierre Coffin,The Minions (voice),0
1315772,34517,Trey Parker,Goomi (voice),1
1315772,27319,Christoph Waltz,Max (voice),2
1315772,19,Allison Janney,Olivia (voice),3
1315772,44735,Jesse Eisenberg,Dort (voice),4
1315772,1229,Jeff Bridges,Frank / Elwood (voice),5
1315772,1059597,Zoey Deutch,Debbie (voice),6
1315772,452205,Bobby Moynihan,Phillips (voice),7
1315772,31549,Phil LaMarr,Howard (voice),8
1315772,1,George Lucas,George Lucas (voice),9
44980,133550,Natsuki Ozawa,Rei,0
44980,555593,Saori Iwama,Ann,1
44980,65198,Kane Kosugi,Ken,2
44980,555594,Hiroyuki Watari,,3
44980,555595,Tomomi Miyauchi,Meg,4
44980,555596,Hiromitsu Kiho,,5
44980,555597,Minoru Toyoshima,,6
44980,555598,Yoshitaka Yanagita,,7
44980,555599,Mitsuhiro Matsumoto,,8
44980,555600,Seitaro Fujii,,9
1323244,1631815,Andrea Tivadar,Jemma,0
1323244,1475710,Jord Knotter,Luk,1
1323244,2385575,Jack McEvoy,Kriss,2
1323244,2037498,Elijah Rowen,Tom,3
1323244,1613074,Małgorzata Klara,Commander,4
1323244,2199010,Mayu Gralińska Sakai,Maya,5
1323244,3036669,Jakub Ormaniec,Mike,6
1323244,4858188,Milena Grzybek,Waitress,7
1323244,4858236,Monika Gieron,Dancer,8
1323244,4858241,Natalia Filak,Receptionist,9
1137844,10859,Ryan Reynolds,Troy Kelly,0
1137844,11181,Kenneth Branagh,Nikolai Ustinov,1
1137844,591295,Marcin Dorociński,Alexander Volkov,2
1137844,2408703,Maria Bakalova,Anna Ustinov,3
1137844,52,David Morse,Harold Kelly,4
1137844,47640,Clark Johnson,CDR Keith Hardwick,5
1137844,19957,Wendy Crewson,Assistant Director Karen Meadows,6
1137844,163731,Louis Cancelmi,Maj Pete Sanders,7
1137844,52419,Josh Hamilton,Consul General Dan Hennessy,8
1137844,1020687,Alex Mallari Jr.,Danny 'Longshot' Bowers,9
1393326,1203378,Abimana Aryasatya,Anggoro Ramadhani,0
1393326,562217,Bront Palarae,Jefry Hutama,1
1393326,2207948,Dimas Danang,Irfan Hamdani,2
1393326,581687,Endy Arfian,Dimas Kurnia,3
1393326,1206436,Lukman Sardi,Pendi Mulia,4
1393326,581684,Mike Lucock,Wildan Arifin,5
1393326,1800452,Yoga Pratama,Six Nugraha,6
1393326,1558534,Morgan Oey,Bimo Gumira,7
1393326,1157418,Aming,"Gibran ""Tokek"" Nugroho",8
1393326,1028460,Rio Dewanto,Endy Wahyudi,9
1469930,4684137,Callista Arum,Laras,0
1469930,1817145,Kiesha Alvaro,Yuda,1
1469930,1592070,Karina Suwandi,Martha,2
1469930,2278761,Eduwart Manalu,Sutomo,3
1469930,1157712,Fuad Idris,Mbah Tarmo,4
1469930,4609472,Agus Firmansyah,Rudi,5
1469930,4790281,Adi Sudirja,Yanto,6
1469930,1283079,Rendi Khrisna,Bayu,7
1469930,4069880,Raffan Al Aryan,Wahyu,8
1469930,5379585,Cetul Leatherart,Heru,9
1516698,2071463,Maia Reficco,Oriah 'Ry' Pera,0
1516698,2649290,Fernando Lindez,Julián,1
1516698,52605,Eva Longoria,Isolde Pera,2
1516698,2167148,Chloé Sweetlove,Amara,3
1516698,1121031,Andrés Velencoso,Mateo,4
1516698,1587318,Stefanie Martini,Lena,5
1516698,1379411,Sabrina Bartlett,Prisha,6
1516698,5321100,Àlex Peracaula,Carlos,7
1516698,3204229,Molly B. Thomas,Sofia,8
1516698,3119942,Razan Nassar,Chloe,9
1185806,3572176,Carter Young,Marshall (voice),0
1185806,1172108,Mckenna Grace,Skye (voice),1
1185806,53256,Terry Crews,Alistair Stonewall (voice),2
1185806,63606,Meredith MacNeill,Harper Cutlass (voice),3
1185806,1227611,Ron Pardo,Mayor Humdinger (voice),4
1185806,15565,Jennifer Hudson,Lilian Ledes (voice),5
1185806,5423400,Hayden Chemberlen,Rex (voice),6
1185806,1183672,Fortune Feimster,Eugenia Bunsen (voice),7
1185806,1624816,Jameela Jamil,Heidi Pothesis (voice),8
1185806,3908744,Rain Janjua,Chase (voice),9
1621552,220496,Alfonso Herrera,Carmona,0
1621552,89445,Noé Hernández,Rosales,1
1621552,133766,Hector Kotsifakis,El Chapo Guzmán,2
1621552,1327350,Paola Fernández,Isaura,3
1621552,1301522,Gerardo Trejoluna,Valladares,4
1621552,2732919,Fernando Cuautle,Lagarto,5
1621552,6353774,Alejandra Vazquez De Leon,Joana,6
1621552,4746012,Santiago Colores,Sapo,7
1621552,2091725,Berenice Mastretta,Chabela,8
1621552,6412964,Regina Arroyo,Liz,9
1506560,1479143,Kira Kosarin,Phoebe Thunderman,0
1506560,1277364,Jack Griffo,Max Thunderman,1
1506560,1666061,Maya Le Clark,Chloe Thunderman,2
1506560,20389,Rosa Blasi,Barb Thunderman,3
1506560,159275,Chris Tallman,Hank Thunderman,4
1506560,1567479,Diego Velazquez,Billy Thunderman,5
1506560,1666059,Addison Riecke,Nora Thunderman,6
1506560,97452,Daniele Gaither,President Kickbutt,7
1506560,42160,Ariel Winter,Cognita,8
1506560,74337,Dana Snyder,Dr. Colosso (voice),9
1058424,68903,Hwang Jung-min,Go Bum-seok,0
1058424,127564,Zo In-sung,Go Sung-ki,1
1058424,3194501,Hoyeon,Lim Sung-ae,2
1058424,564847,Lee Sang-hee,Nak-yeon,3
1058424,227454,Alicia Vikander,J'aur,4
1058424,17288,Michael Fassbender,Ma'veyyo,5
1058424,1353827,Taylor Russell,Ai'dovor,6
1058424,1286537,Cameron Britton,Va'migere,7
1058424,1731537,Hwang Seok-jeong,Head of Health Center,8
1058424,2370779,Um Mun-suk,Yang-bae,9
687163,30614,Ryan Gosling,Ryland Grace,0
687163,7152,Sandra Hüller,Eva Stratt,1
687163,2096164,James Ortiz,Rocky (voice),2
687163,2320708,Lionel Boyce,Carl,3
687163,1454946,Milana Vayntrub,Olesya Ilyukhina,4
687163,2131,Ken Leung,Yao,5
687163,3554544,Priya Kansara,Mary (voice),6
687163,1749206,Mia Soteriou,Dr. Browne,7
687163,3074054,Annelle Olaleye,Olivia,8
687163,6080198,Maya Eva Hosein,Rekha,9
755898,9778,Ice Cube,William Radford,0
755898,52605,Eva Longoria,NASA Scientist Sandra Salas,1
755898,9048,Clark Gregg,NSA Director Donald Briggs,2
755898,1632530,Iman Benson,Faith Radford,3
755898,60482,Henry Hunter Hall,David Radford,4
755898,90498,Devon Bostick,Mark Goodman,5
755898,71402,Andrea Savage,FBI Field Agent Sheila Jeffries,6
755898,98811,Nicole Pulliam,News Reporter,7
755898,21710,Michael O'Neill,Secretary of Defense Walter Crystal,8
755898,30697,Jim Meskimen,POTUS,9
1127384,6383,Aaron Eckhart,Ben,0
1127384,2282,Ben Kingsley,Rich,1
1127384,3663805,Molly Belle Wright,Cora,2
1127384,59117,Angus Sampson,Dan,3
1127384,5035274,Elijah Tamati,Finn,4
1127384,3655526,Zhao Simei,Lilly,5
1127384,2408015,Li Wenhan,Sam,6
1127384,4176055,Nashi,Zoe,7
1127384,2466900,Richard Crouchley,Matt,8
1127384,213144,Madeleine West,Martine,9
1275779,5081,Emily Blunt,Margaret Fairchild,0
1275779,1206334,Josh O'Connor,Dr. Daniel Kellner,1
1275779,5472,Colin Firth,Noah Scanlon,2
1275779,933271,Eve Hewson,Jane Blakenship,3
1275779,91671,Colman Domingo,Hugo Wakefield,4
1275779,986808,Wyatt Russell,Jackson,5
1275779,513677,Henry Lloyd-Hughes,Casper Boyd,6
1275779,126713,Elizabeth Marvel,Sister Maura,7
1275779,1218184,Hettienne Park,Serena,8
1275779,2088733,Tommy Martinez,Santiago,9
980431,1610783,Eric Nam,Aang (voice),0
980431,543530,Dave Bautista,Tagah (voice),1
980431,1703912,Jessica Matten,Katara (voice),2
980431,2775164,Román Zaragoza,Sokka (voice),3
980431,215055,Steven Yeun,Zuko (voice),4
980431,86432,Dionne Quan,Toph (voice),5
980431,23680,Dee Bradley Baker,Appa / Momo (voice),6
980431,76792,Freida Pinto,Avatar Sonam (voice),7
980431,690,Ke Huy Quan,Avatar Xian (voice),8
980431,55934,Taika Waititi,Gorillavark (voice),9
1083381,5294,Chiwetel Ejiofor,Clark,0
1083381,1576786,Renate Reinsve,Mary,1
1083381,1512452,Finn Bennett,Bobby,2
1083381,1709431,Lukita Maxwell,Kat,3
1083381,45407,Mark Duplass,Phil,4
1083381,212934,Avan Jogia,Naren Warne,5
1083381,4848549,Robert Bobroczkyi,Pirate Clark,6
1083381,5725467,Ember Ambrose,Young Mary,7
1083381,72482,Krista Kosonen,Nora,8
1083381,64670,Philip Granger,Meterman,9
299534,3223,Robert Downey Jr.,Tony Stark / Iron Man,0
299534,16828,Chris Evans,Steve Rogers / Captain America,1
299534,103,Mark Ruffalo,Bruce Banner / Hulk,2
299534,74568,Chris Hemsworth,Thor,3
299534,1245,Scarlett Johansson,Natasha Romanoff / Black Widow,4
299534,17604,Jeremy Renner,Clint Barton / Hawkeye,5
299534,16851,Josh Brolin,Thanos,6
299534,1896,Don Cheadle,James Rhodes / War Machine,7
299534,22226,Paul Rudd,Scott Lang / Ant-Man,8
299534,71580,Benedict Cumberbatch,Doctor Strange,9
299536,3223,Robert Downey Jr.,Tony Stark / Iron Man,0
299536,16828,Chris Evans,Steve Rogers / Captain America,1
299536,74568,Chris Hemsworth,Thor,2
299536,16851,Josh Brolin,Thanos,3
299536,103,Mark Ruffalo,Bruce Banner / Hulk,4
299536,1245,Scarlett Johansson,Natasha Romanoff / Black Widow,5
299536,1896,Don Cheadle,James Rhodes / War Machine,6
299536,71580,Benedict Cumberbatch,Doctor Strange,7
299536,1136406,Tom Holland,Peter Parker / Spider-Man,8
299536,172069,Chadwick Boseman,T'Challa / Black Panther,9
1130948,1371041,Callum Turner,Ed,0
1130948,98522,Riley Keough,Anna,1
1130948,478,Jamie Bell,Jack,2
1130948,1371509,Lukas Gage,Robert,3
1130948,72638,Tracy Letts,Father,4
1130948,18050,Elle Fanning,Martha,5
1130948,6736,Pamela Anderson,Mother,6
1130948,3623,Elena Anaya,Emma,7
1130948,100657,Lolo Herrero,Mourning Friend,8
1130948,2635246,Teo Jansen,Hitchhiking Man,9
1599993,232262,Nashla Bogaert,Amelia,0
1599993,232245,Frank Perozo,Martín,1
1599993,4843988,Pamela Sued,Sofía,2
1599993,1684891,David Maler,Santiago,3
1599993,3238925,Camila Issa,Jessica,4
1599993,5179137,Pedro Casals,Franco,5
1599993,5179140,Vitaly Sánchez,Deborah,6
1599993,2785131,María del Mar Bonelly,Lucía,7
1228710,1253360,Pedro Pascal,The Mandalorian,0
1228710,206905,Jeremy Allen White,Rotta (voice),1
1228710,10205,Sigourney Weaver,Colonel Ward,2
1228710,946854,Brendan Wayne,The Mandalorian Suit Performer,3
1228710,123812,Lateef Crowder,The Mandalorian Stunt Performer,4
1228710,571562,Steve Blum,Zeb Orrelios (voice),5
1228710,1323612,Jonny Coyne,Lord Janu,6
1228710,92617,Matthew Willig,Hogsbreth,7
1228710,1032,Martin Scorsese,Hugo Durant (voice),8
1228710,164208,Hemky Madera,Commander Baro,9
264980,29541,Sybil Danning,Andrea,0
264980,558650,Michael Cromer,Rolf,1
264980,577817,Marlène Appelt,Susan,2
264980,2702181,Katja Büchele,Vera,3
264980,1283485,Ulla Kopa,Ann Marie,4
264980,1357855,Fernando Gómez,Frank,5
264980,2702183,Heinz Peter Schuck,Robert,6
264980,1882310,Olga Bringmann,Monica,7
264980,558954,Felicitas Peters,Doris,8
264980,1019911,Nino Korda,Stempel,9
1419406,18897,Jackie Chan,Wong Tak Chung,0
1419406,1173805,Zhang Zifeng,He Qiuguo,1
1419406,56861,Tony Leung Ka-fai,Fu Longsheng,2
1419406,3167855,Ci Sha,Xi Meng / Xi Wang,3
1419406,1625880,Jun,Hu Feng,4
1419406,4062369,Zhou Zhengjie,Liu Jinxiao,5
1419406,1016316,Wang Ziyi,Wu Yaolei,6
1419406,1516593,Lang Yueting,Madam Wang,7
1419406,1881987,Lin Qiunan,Xin,8
1419406,1443375,Zhenwei Wang,Ray,9
6435,18277,Sandra Bullock,Sally Owens,0
6435,2227,Nicole Kidman,Gillian Owens,1
6435,8893,Stockard Channing,Aunt Frances,2
6435,1902,Dianne Wiest,Aunt Jet,3
6435,5725,Goran Višnjić,Jimmy Angelov,4
6435,18992,Aidan Quinn,Gary Hallet,5
6435,38940,Evan Rachel Wood,Kylie Owens,6
6435,51681,Alexandra Artrip,Antonia Owens,7
6435,11365,Mark Feuerstein,Michael,8
6435,154698,Caprice Benedetti,Maria Owens,9
1084242,417,Ginnifer Goodwin,Judy Hopps (voice),0
1084242,23532,Jason Bateman,Nick Wilde (voice),1
1084242,690,Ke Huy Quan,Gary De'Snake (voice),2
1084242,1183672,Fortune Feimster,Nibbles Maplestick (voice),3
1084242,62861,Andy Samberg,Pawbert Lynxley (voice),4
1084242,11064,David Strathairn,Milton Lynxley (voice),5
1084242,17605,Idris Elba,Chief Bogo (voice),6
1084242,446511,Shakira,Gazelle (voice),7
1084242,9657,Patrick Warburton,Mayor Winddancer (voice),8
1084242,1745988,Quinta Brunson,Dr. Fuzzby (voice),9
278,504,Tim Robbins,Andy Dufresne,0
278,192,Morgan Freeman,Ellis Boyd 'Red' Redding,1
278,4029,Bob Gunton,Warden Norton,2
278,6573,William Sadler,Heywood,3
278,6574,Clancy Brown,Captain Byron T. Hadley,4
278,6575,Gil Bellows,Tommy,5
278,6577,James Whitmore,Brooks Hatlen,6
278,6576,Mark Rolston,Bogs Diamond,7
278,12645,Jeffrey DeMunn,1946 D.A.,8
278,92119,Larry Brandenburg,Skeet,9
1228834,69899,Zachary Levi,Tucker,0
1228834,3896,Liam Neeson,Larry,1
1228834,51682,Wes Chatham,Alex,2
1228834,39389,Titus Welliver,James,3
1228834,103330,Navid Negahban,Qasim,4
1228834,1257563,Annet Mahendru,Sophie,5
1228834,1058027,Grant Harvey,Matt,6
1228834,1456279,Augusto Aguilera,Bruce,7
1228834,35434,Numan Acar,Nadir,8
1228834,2114526,Elnaaz Norouzi,Zara,9
1514682,54722,Laura Marano,Tatiana,0
1514682,1817942,Christina Ochoa,,1
1514682,1316401,Mario Tardón,,2
1514682,3131,Antonio Banderas,Burns,3
1514682,100258,Ramiro Alonso,,4
1514682,2676371,Ryan Bertroche,,5
1514682,88630,Jess Liaudin,,6
1514682,6310598,Diego Llinás,,7
1514682,54649,Louis Mandylor,,8
1514682,92949,Timothy V. Murphy,,9
1156869,1328576,Jacqueline Ng Suet-Man,,0
1156869,21914,Alex Fong Chung-Sun,,1
1156869,1187925,Edward Mok,,2
1224993,74421,Song Hye-kyo,Sister Giunia,0
1224993,2067860,Jeon Yeo-bin,Sister Michela,1
1224993,1299479,Lee Jin-uk,Father Paolo,2
1224993,2704194,Moon Woo-jin,Choi Hee-joon,3
1224993,83637,Huh Joon-ho,Father Andreas,4
1224993,2003804,Kim Guk-hee,Hyo-won,5
1224993,2805080,Shin Jae-whi,Ae-dong,6
1224993,83014,Gang Dong-won,Choi Joon-ho,7
1224993,3684067,Han Dong-hee,Nurse,8
1224993,17125,Park Jeong-hak,Dam-eon,9
1560520,56675,Anson Mount,Batman / Bruce Wayne (voice),0
1560520,829372,Michael Mando,Bane (voice),1
1560520,59254,Pablo Schreiber,Azrael / Jean-Paul Valley (voice),2
1560520,34982,Jeff Bennett,Ventriloquist / Scarface / Vincent (voice),3
1560520,4270359,Luis Bermudez,Catman / Doctor / Guard (voice),4
1560520,2547,Bruce Boxleitner,Commissioner Jim Gordon (voice),5
1560520,1030995,Jessica Camacho,Renee Montoya (voice),6
1560520,31367,Anthony Crivello,Franco Bertinelli / Priest / Prisoner (voice),7
1560520,83854,David Dastmalchian,The Riddler (voice),8
1560520,973,Jason Flemyng,Mad Hatter (voice),9
83533,65731,Sam Worthington,Jake,0
83533,8691,Zoe Saldaña,Neytiri,1
83533,10205,Sigourney Weaver,Kiri,2
83533,32747,Stephen Lang,Quaritch,3
83533,566331,Oona Chaplin,Varang,4
83533,1895760,Jack Champion,Spider,5
83533,204,Kate Winslet,Ronal,6
83533,7248,Cliff Curtis,Tonowari,7
83533,59231,Joel David Moore,Norm,8
83533,30485,CCH Pounder,Mo'at,9
1318467,1172108,Mckenna Grace,Laurel Hansen,0
1318467,3449368,Arkira Chantaratananond,Poppy Yang,1
1318467,1650148,Jaden Michael,Evan Geller,2
1318467,2234168,Riley Davis,Tyler McKinney,3
1318467,984711,Kate Drummond,Diane Hansen,4
1318467,1014293,Samantha Espie,Ranger Pauline,5
1318467,3624549,Cooper Levy,Chuck Beasley,6
1318467,3465111,Eve Edwards,Bree Williams,7
1318467,5919,Stephanie Moore,Shannon McKinney,8
1318467,4702614,Joseph Chiu,Leo Brock,9
1641629,5441073,Vittoria Di Savoia,Alma Lancaster,0
1641629,6028736,Lucas Barski,Vadim Arcadi,1
1641629,2477804,Zoé Garcia,Clémentine,2
1641629,236119,Léo Legrand,Timothé Vallas,3
1641629,34259,Jean-Yves Berteloot,Edward Lancaster,4
1641629,984598,Suliane Brahim,Marie Lancaster,5
1641629,3220450,Aymeric Fougeron,Basile Lancaster,6
1641629,6486088,Gabrielle Taittinger,Lily Lancaster,7
1641629,2981576,Bryan Trésor,Oscar Johnson,8
1641629,4973900,Aboubacar Bidanessy,Félix Alonso,9
860508,380,Robert De Niro,Peter Willis,0
860508,11705,Michelle Monaghan,Amanda Beck,1
860508,36801,Adam Scott,Tom Kennedy,2
860508,5374936,Acston Luca Porto,Jake Kennedy,3
860508,2232,Michael Keaton,Frank Carter,4
860508,1586047,Owen Teague,Frank Carter Jr.,5
860508,184581,Hamish Linklater,Norman Collins,6
860508,1136135,Will Brill,Sgt. John Dyson,7
860508,6023452,Aniela Zeig,Little Girl,8
860508,6023465,Exavier Montanez,Neil Spencer,9
1081003,2046128,Milly Alcock,Supergirl,0
1081003,4186628,Eve Ridley,Ruthye,1
1081003,73381,Matthias Schoenaerts,Krem,2
1081003,117642,Jason Momoa,Lobo,3
1081003,38582,David Krumholtz,Zor-El,4
1081003,130414,Emily Beecham,Alura In-Ze,5
1081003,1785590,David Corenswet,Superman,6
1081003,1411379,Kadiff Kirwan,Bomar Vran,7
1081003,2031926,Thalissa Teixeira,Mareck Vran,8
1081003,1211873,Ferdinand Kingsley,Elias Knoll,9
1405742,1937555,Trey Holland,Dunn,0
1405742,65827,Keith David,Mr. Bobshank,1
1405742,21125,Richard Kind,Chip,2
1405742,178926,Michael McDonald,David Pepperdine,3
1405742,1228290,Romina D'Ugo,Ed,4
1405742,1412526,Casey Deidrick,Rip,5
1405742,3958162,Trevor Newlin,Chip (Demon Form),6
1405742,4676617,Vanessa Vander Pluym,Daphne,7
1405742,1582312,Kevin Fonteyne,Dovan,8
1405742,5060348,Monet Weir,2B,9
157336,10297,Matthew McConaughey,Cooper,0
157336,1813,Anne Hathaway,Brand,1
157336,3895,Michael Caine,Professor Brand,2
157336,83002,Jessica Chastain,Murph,3
157336,1893,Casey Affleck,Tom,4
157336,8210,Wes Bentley,Doyle,5
157336,17052,Topher Grace,Getty,6
157336,851784,Mackenzie Foy,Murph (10 Yrs.),7
157336,9560,Ellen Burstyn,Murph (older),8
157336,12074,John Lithgow,Donald,9
1101412,2480853,Harriet Slater,Jax Hunter,0
1101412,3486664,Arsema Thomas,Luce,1
1101412,1626604,Tom Brittney,Jon Platt,2
1101412,1279279,Virginia Gardner,Shiloh Hunter,3
1101412,521673,Sahajak Boonthanakit,Thai Barman,4
1101412,6455282,Korakod Yensuk,Large Woman,5
1101412,3698000,Jordan Coleman,Luce,6
1101412,3725028,Maryna Bennett,Female Teenager,7
1101412,3743780,Noen Perez,Male Teenager,8
1101412,3314680,Nattapon Sukphiam,Thai Climber 1,9
1301421,6968,Hugh Jackman,George Hardy,0
1301421,85139,Nicholas Braun,Officer Tim Derry,1
1301421,1425934,Nicholas Galitzine,Elliot Matthews,2
1301421,1782117,Molly Gordon,Rebecca Hampstead,3
1301421,15886,Julia Louis-Dreyfus,Lily (voice),4
1301421,17419,Bryan Cranston,Sebastian (voice),5
1301421,40477,Chris O'Dowd,Mopple (voice),6
1301421,35705,Regina Hall,Cloud (voice),7
1301421,2387,Patrick Stewart,Sir Ritchfield (voice),8
1301421,1668004,Bella Ramsey,Zora (voice),9
1302904,18277,Sandra Bullock,Sally Owens,0
1302904,2227,Nicole Kidman,Gillian Owens,1
1302904,125025,Joey King,Kylie Owens,2
1302904,1181313,Maisie Williams,Antonia Owens,3
1302904,1185997,Xolo Maridueña,Gideon,4
1302904,72095,Lee Pace,Ian Wright,5
1302904,1902,Dianne Wiest,Aunt Jet,6
1302904,8893,Stockard Channing,Aunt Frances,7
1302904,3060978,Solly McLeod,Thomas Lockland,8
1302904,5639097,Ema Cavolli,Maria Owens,9
24428,3223,Robert Downey Jr.,Tony Stark / Iron Man,0
24428,16828,Chris Evans,Steve Rogers / Captain America,1
24428,103,Mark Ruffalo,Bruce Banner / The Hulk,2
24428,74568,Chris Hemsworth,Thor,3
24428,1245,Scarlett Johansson,Natasha Romanoff / Black Widow,4
24428,17604,Jeremy Renner,Clint Barton / Hawkeye,5
24428,91606,Tom Hiddleston,Loki,6
24428,9048,Clark Gregg,Agent Phil Coulson,7
24428,71189,Cobie Smulders,Agent Maria Hill,8
24428,1640,Stellan Skarsgård,Selvig,9
634649,1136406,Tom Holland,Peter Parker / Spider-Man,0
634649,505710,Zendaya,MJ,1
634649,71580,Benedict Cumberbatch,Doctor Strange,2
634649,1649152,Jacob Batalon,Ned Leeds,3
634649,15277,Jon Favreau,Happy Hogan,4
634649,134,Jamie Foxx,Max Dillon / Electro,5
634649,5293,Willem Dafoe,Norman Osborn / Green Goblin,6
634649,658,Alfred Molina,Dr. Otto Octavius / Doc Ock,7
634649,30082,Benedict Wong,Wong,8
634649,1291350,Tony Revolori,Flash Thompson,9
1273221,9562,Marlon Wayans,Shorty / 'Joe' / 'Tiffany' / Count Brolock,0
1273221,35690,Shawn Wayans,Ray,1
1273221,1772,Anna Faris,Cindy,2
1273221,35705,Regina Hall,Brenda,3
1273221,1502916,Olivia Rose Keegan,Sara,4
1273221,3027150,Cameron Scott Roberts,Jack,5
1273221,1932318,Savannah Lee Nassif,Tuesday,6
1273221,1001946,Sydney Park,DEI,7
1273221,1741333,Gregg Wayans,Brad,8
1273221,4762373,Benny Zielke,Jess,9
1311031,1256603,Natsuki Hanae,Tanjiro Kamado (voice),0
1311031,9705,Takahiro Sakurai,Giyu Tomioka (voice),1
1311031,81244,Akira Ishida,Akaza (voice),2
1311031,119145,Hiro Shimono,Zenitsu Agatsuma (voice),3
1311031,1253008,Yoshimasa Hosoya,Kaigaku (voice),4
1311031,221773,Saori Hayami,Shinobu Kocho (voice),5
1311031,93803,Mamoru Miyano,Doma (voice),6
1311031,1452028,Reina Ueda,Kanao Tsuyuri (voice),7
1311031,1221114,Yuichi Nakamura,Keizo (voice),8
1311031,1691384,Lynn,Koyuki (voice),9
238,3084,Marlon Brando,Don Vito Corleone,0
238,1158,Al Pacino,Michael Corleone,1
238,3085,James Caan,Sonny Corleone,2
238,3087,Robert Duvall,Tom Hagen,3
238,3086,Richard S. Castellano,Clemenza,4
238,3092,Diane Keaton,Kay Adams,5
238,3094,Talia Shire,Connie Corleone Rizzi,6
238,3095,Gianni Russo,Carlo Rizzi,7
238,3088,Sterling Hayden,Captain McCluskey,8
238,3142,John Marley,Jack Woltz,9
1184918,1267329,Lupita Nyong'o,Roz / Rummage (voice),0
1184918,1253360,Pedro Pascal,Fink (voice),1
1184918,1538851,Kit Connor,Brightbill (voice),2
1184918,2440,Bill Nighy,Longneck (voice),3
1184918,1381186,Stephanie Hsu,Vontra (voice),4
1184918,1488236,Matt Berry,Paddler (voice),5
1184918,10182,Ving Rhames,Thunderbolt (voice),6
1184918,2,Mark Hamill,Thorn (voice),7
1184918,11514,Catherine O'Hara,Pinktail (voice),8
1184918,4967567,Boone Storm,Baby Brightbill (voice),9
813418,136650,Andrzej Konopka,Jan 623,0
813418,87722,Noomi Rapace,Rana,1
813418,121750,Reika Kirishima,Ayka,2
813418,4542315,Filippa Kaye,Maria,3
813418,6231757,George Aurimas Cris,Zen,4
813418,2040797,Niki Sereti,Bossa,5
813418,2749202,Ektoras Liatsos,TseTse,6
813418,1988587,Rasmi Tsopela,Granny,7
813418,6296299,Eleni Tzangka,Mona,8
813418,6424147,Thanasis Barkas,Male Soldier,9
155,3894,Christian Bale,Bruce Wayne,0
155,1810,Heath Ledger,Joker,1
155,6383,Aaron Eckhart,Harvey Dent,2
155,3895,Michael Caine,Alfred,3
155,1579,Maggie Gyllenhaal,Rachel,4
155,64,Gary Oldman,Gordon,5
155,192,Morgan Freeman,Lucius Fox,6
155,53651,Monique Gabriela Curnen,Ramirez,7
155,57597,Ron Dean,Wuertz,8
155,2037,Cillian Murphy,Scarecrow,9
1377237,64295,Alan Ritchson,Hank Malone,0
1377237,887,Owen Wilson,Ben Bishop,1
1377237,17289,Rodrigo Santoro,Damian Zaldivar,2
1377237,1681867,Leila George,Kate Baker,3
1377237,1331024,Kate Box,Dr. Ainsley,4
1377237,270,Adriana Barraza,Donna,5
1377237,220914,Peta Sergeant,Nurse Julie,6
1377237,4900411,Scarlett Crabtree,Ellie Baker,7
1377237,131928,Geraldine Hakewill,Monica,8
1377237,61784,Goran D. Kleut,Luke,9
76341,2524,Tom Hardy,Max Rockatansky,0
76341,6885,Charlize Theron,Imperator Furiosa,1
76341,3292,Nicholas Hoult,Nux,2
76341,26060,Hugh Keays-Byrne,Immortan Joe,3
76341,1056053,Josh Helman,Slit,4
76341,24898,Nathan Jones,Rictus Erectus,5
76341,37153,Zoë Kravitz,Toast the Knowing,6
76341,236048,Rosie Huntington-Whiteley,The Splendid Angharad,7
76341,98522,Riley Keough,Capable,8
76341,1036288,Abbey Lee,The Dag,9
1180894,16971,Maribel Verdú,,0
1180894,3925017,Sofía Otero,Lucía,1
1180894,94214,Erik Probanza,,2
1180894,1760905,Urko Olazábal,,3
1180894,1347585,Marcelo Galván,,4
1180894,5808098,Ibai Atanes,,5
1180894,970993,Zorion Eguileor,,6
1180894,1456451,Sandra Ferrús,,7
1240889,2559506,Hannah Einbinder,Kris,0
1240889,12214,Gillian Anderson,Billy,1
1240889,3054663,Amanda Fix,Young Billy,2
1240889,3706720,Arthur Conti,Alex,3
1240889,2425998,Eva Victor,DJ Ella Giastic,4
1240889,1838225,Zach Cherry,Will,5
1240889,2198504,Sarah Sherman,Kris' Agent,6
1240889,52801,Patrick Fischler,Rudolph,7
1240889,19152,Dylan Baker,Jeffrey,8
1240889,1508653,Jasmin Savoy Brown,Mari,9
27205,6193,Leonardo DiCaprio,Dom Cobb,0
27205,24045,Joseph Gordon-Levitt,Arthur,1
27205,3899,Ken Watanabe,Saito,2
27205,2524,Tom Hardy,Eames,3
27205,27578,Elliot Page,Ariadne,4
27205,95697,Dileep Rao,Yusuf,5
27205,2037,Cillian Murphy,"Robert Fischer, Jr.",6
27205,13022,Tom Berenger,Peter Browning,7
27205,8293,Marion Cotillard,Mal Cobb,8
27205,4935,Pete Postlethwaite,Maurice Fischer,9
1226863,73457,Chris Pratt,Mario (voice),0
1226863,95101,Charlie Day,Luigi (voice),1
1226863,1397778,Anya Taylor-Joy,Princess Peach (voice),2
1226863,70851,Jack Black,Bowser (voice),3
1226863,298410,Keegan-Michael Key,Toad (voice),4
1226863,227564,Benny Safdie,Bowser Junior (voice),5
1226863,83271,Glen Powell,Fox McCloud (voice),6
1226863,60073,Brie Larson,Rosalina (voice),7
1226863,119589,Donald Glover,Yoshi (voice),8
1226863,24362,Kevin Michael Richardson,Kamek (voice),9
218,1100,Arnold Schwarzenegger,Terminator,0
218,2712,Michael Biehn,Kyle Reese,1
218,2713,Linda Hamilton,Sarah Connor,2
218,1818,Paul Winfield,Traxler,3
218,2714,Lance Henriksen,Vukovich,4
218,2717,Rick Rossovich,Matt,5
218,2715,Bess Motta,Ginger,6
218,2716,Earl Boen,Silberman,7
218,102441,Dick Miller,Pawnshop Clerk,8
218,65001,Shawn Schepps,Nancy,9
19995,65731,Sam Worthington,Jake Sully,0
19995,8691,Zoe Saldaña,Neytiri,1
19995,10205,Sigourney Weaver,Dr. Grace Augustine,2
19995,32747,Stephen Lang,Colonel Miles Quaritch,3
19995,17647,Michelle Rodriguez,Trudy Chacon,4
19995,1771,Giovanni Ribisi,Parker Selfridge,5
19995,59231,Joel David Moore,Norm Spellman,6
19995,30485,CCH Pounder,Mo'at,7
19995,15853,Wes Studi,Eytukan,8
19995,10964,Laz Alonso,Tsu'Tey,9
533535,10859,Ryan Reynolds,Wade Wilson / Deadpool / Nicepool,0
533535,6968,Hugh Jackman,Logan / Wolverine,1
533535,2324569,Emma Corrin,Cassandra Nova,2
533535,15576,Matthew Macfadyen,Mr. Paradox,3
533535,1464650,Dafne Keen,Laura / X-23,4
533535,15277,Jon Favreau,Happy Hogan,5
533535,54882,Morena Baccarin,Vanessa,6
533535,1091324,Rob Delaney,Peter,7
533535,122750,Leslie Uggams,Blind Al,8
533535,9278,Jennifer Garner,Elektra,9
1641580,4444297,Athena Park,The Kid,0
1641580,1841419,Josh Bainbridge,Nobel,1
1641580,1880021,Donno Mitoma,Patriarch,2
1641580,1649898,Lora Burke,Metiseaya,3
1641580,1570331,Morgan Bedard,Short Fat Bandit,4
1641580,1825795,Verlyn Plowman,Male Shop Owner,5
1641580,4704606,Justyce Bieuz,Young Man,6
1641580,2519872,Matt Lishman,Bandit / Assassin 2 / Pirate 2,7
1641580,1978315,Jason Manella,The King,8
1641580,2557884,Tracey Berti,Female Shop Owner,9
1212763,2037046,Souheila Yacoub,Alice,0
1212763,33310,Tandi Wright,Susan,1
1212763,1911865,Hunter Doohan,Joseph,2
1212763,1399806,Luciane Buchanan,Thya,3
1212763,150396,Erroll Shand,Edgar,4
1212763,1695501,Maude Davey,Polly,5
1212763,2242834,George Pullar,Will,6
1212763,4147250,Greta van den Brink,Jessica,7
1212763,5662484,Keanu Karim,Jared,8
1212763,3047382,Victory Ndukwe,Leo,9
671,10980,Daniel Radcliffe,Harry Potter,0
671,10989,Rupert Grint,Ron Weasley,1
671,10990,Emma Watson,Hermione Granger,2
671,194,Richard Harris,Albus Dumbledore,3
671,10993,Tom Felton,Draco Malfoy,4
671,4566,Alan Rickman,Severus Snape,5
671,1923,Robbie Coltrane,Hagrid,6
671,10978,Maggie Smith,Professor McGonagall,7
671,10983,Richard Griffiths,Uncle Vernon Dursley,8
671,10985,Ian Hart,Professor Quirrell / Voldemort (voice),9
1284465,6968,Hugh Jackman,Robin Hood,0
1284465,1388593,Jodie Comer,Sister Brigid,1
1284465,137905,Bill Skarsgård,Little John,2
1284465,152416,Murray Bartlett,The Leper,3
1284465,1590759,Noah Jupe,Arthur / Godwyn,4
1284465,1303071,Jade Croot,Wainwright,5
1284465,4526195,Faith Delaney,Little Margaret,6
1284465,5396679,Tabitha Smyth,Sarah,7
1284465,3676238,Beau Thompson,Hob,8
1284465,4633814,Alfie Lawless,Hendrie,9
936075,3898497,Jaafar Jackson,Michael,0
936075,91671,Colman Domingo,Joseph Jackson,1
936075,9781,Nia Long,Katherine Jackson,2
936075,4487890,Juliano Krue Valdi,Young Michael,3
936075,1990676,KeiLyn Durrel Jones,Bill Bray,4
936075,996701,Miles Teller,John Branca,5
936075,18291,Larenz Tate,Berry Gordy,6
936075,1606394,Laura Harrier,Suzanne de Passe,7
936075,12073,Mike Myers,Walter Yetnikoff,8
936075,1446825,Kendrick Sampson,Quincy Jones,9
872585,2037,Cillian Murphy,J. Robert Oppenheimer,0
872585,5081,Emily Blunt,Kitty Oppenheimer,1
872585,1892,Matt Damon,Leslie Groves,2
872585,3223,Robert Downey Jr.,Lewis Strauss,3
872585,1373737,Florence Pugh,Jean Tatlock,4
872585,2299,Josh Hartnett,Ernest Lawrence,5
872585,1893,Casey Affleck,Boris Pash,6
872585,17838,Rami Malek,David Hill,7
872585,11181,Kenneth Branagh,Niels Bohr,8
872585,227564,Benny Safdie,Edward Teller,9
1656489,142855,Tuba Büyüküstün,Meral,0
1656489,2414436,Derya Pınar Ak,Anna,1
1656489,1987247,Seray Kaya,Tülay,2
1656489,1108184,Begüm Akkaya,Gülistan,3
1656489,3619915,Rojbin Erden,Fahriye,4
1656489,2786245,Şirin Saldamlı,Nezo,5
1656489,1246607,Itır Esen,Selin,6
1656489,3004117,Taro Emir Tekin,Arif,7
1656489,1504186,Hakan Kurtaş,Cemal,8
1656489,142781,Nur Sürer,Asuman,9
1594914,928572,Scott Eastwood,Castle,0
1594914,3492,Colin Hanks,Colonel Neale,1
1594914,53923,Aunjanue Ellis-Taylor,Mrs. Caldwell,2
1594914,1369329,Taylor John Smith,Bellingham,3
1594914,1034703,Lorne MacFadyen,Major Barrett,4
1594914,67247,Atanas Srebrev,General Lauer,5
1594914,1457581,Alfie Stewart,Burt Miller,6
1594914,1409855,Jonathan Yunger,Cash,7
1594914,3487795,Timothy Blore,Wilhelm,8
1594914,238416,Laurent Maurel,Georges Marsaud,9
1234821,1245,Scarlett Johansson,Zora Bennett,0
1234821,932967,Mahershala Ali,Duncan Kincaid,1
1234821,80860,Jonathan Bailey,Dr. Henry Loomis,2
1234821,36669,Rupert Friend,Martin Krebs,3
1234821,1168097,Manuel Garcia-Rulfo,Reuben Delgado,4
1234821,1362844,Luna Blaise,Teresa Delgado,5
1234821,2525701,David Iacono,Xavier Dobbs,6
1234821,3673493,Audrina Miranda,Isabella Delgado,7
1234821,2496534,Philippine Velge,Nina,8
1234821,1517537,Bechir Sylvain,LeClerc,9
1280738,83487,Xie Miao,Wang Wei,0
1280738,592496,Joe Taslim,Navin,1
1280738,2956442,Yang Enyou,Rainy,2
1280738,142019,Yayan Ruhian,Tak,3
1280738,135347,JeeJa Yanin,Matia,4
1280738,2410189,Brian Le,Ho,5
1280738,2115758,Joey Iwanaga,Pak Lung,6
1280738,521673,Sahajak Boonthanakit,Mr. Song,7
1280738,1338439,Manatsanun Panlertwongskul,Yadong,8
1280738,1191266,Winai Wiangyangkung,Donkey Head,9
1288059,59315,Olivia Wilde,Erika Tracy,0
1288059,2764542,Cooper Hoffman,Elliot Bell,1
1288059,2174509,Mason Gooding,Zap,2
1288059,2420169,Chase Sui Wonders,Apple,3
1288059,9656,Johnny Knoxville,Detective Zem,4
1288059,11152,Margaret Cho,Detective Zola,5
1288059,7706,Roxane Mesquida,Yvette,6
1288059,1529997,Charli xcx,Minerva,7
1288059,1652371,Daveed Diggs,Vikktor,8
1288059,6382991,Daniel Stevens,Hot Naked Guy,9
822119,53650,Anthony Mackie,Sam Wilson / Captain America,0
822119,3,Harrison Ford,President Thaddeus Ross,1
822119,1773397,Danny Ramirez,Joaquin Torres,2
822119,1394332,Shira Haas,Ruth Bat-Seraph,3
822119,1462,Tim Blake Nelson,Samuel Sterns,4
822119,29382,Carl Lumbly,Isaiah Bradley,5
822119,4808,Giancarlo Esposito,Sidewinder,6
822119,882,Liv Tyler,Betty Ross,7
822119,109565,Xosha Roquemore,Leila Taylor,8
822119,238164,Jóhannes Haukur Jóhannesson,Copperhead,9
693134,1190668,Timothée Chalamet,Paul Atreides,0
693134,505710,Zendaya,Chani,1
693134,933238,Rebecca Ferguson,Jessica,2
693134,3810,Javier Bardem,Stilgar,3
693134,16851,Josh Brolin,Gurney Halleck,4
693134,86654,Austin Butler,Feyd-Rautha,5
693134,1373737,Florence Pugh,Princess Irulan,6
693134,543530,Dave Bautista,Beast Rabban,7
693134,4690,Christopher Walken,Emperor,8
693134,121529,Léa Seydoux,Lady Margot Fenring,9
569094,587506,Shameik Moore,Miles Morales (voice),0
569094,130640,Hailee Steinfeld,Gwen Stacy (voice),1
569094,226366,Brian Tyree Henry,Jeff Morales (voice),2
569094,141610,Luna Lauren Vélez,Rio Morales (voice),3
569094,543505,Jake Johnson,Peter B. Parker (voice),4
569094,25072,Oscar Isaac,Miguel O'Hara (voice),5
569094,17881,Jason Schwartzman,Spot (voice),6
569094,1455336,Issa Rae,Jessica Drew (voice),7
569094,206919,Daniel Kaluuya,Hobie Brown (voice),8
569094,1109702,Karan Soni,Pavitr Prabhakar (voice),9
460458,115150,Kaya Scodelario,Claire Redfield,0
460458,1408809,Hannah John-Kamen,Jill Valentine,1
460458,1223726,Robbie Amell,Chris Redfield,2
460458,1017294,Tom Hopper,Albert Wesker,3
460458,212934,Avan Jogia,Leon Kennedy,4
460458,10825,Donal Logue,Chief Irons,5
460458,2203,Neal McDonough,William Birkin,6
460458,1324591,Lily Gao,Ada Wong,7
460458,74678,Chad Rook,Richard Aiken,8
460458,2551945,Marina Mazepa,Lisa Trevor,9
1386238,2555254,Magui Bravi,Lara,0
1386238,2879728,Facundo R. Salomon,Ramiro,1
1386238,2880085,Agustin Olcese,Damián,2
1386238,618344,Roly Serrano,Comisario,3
1386238,5038976,Eve Gasser,Araceli,4
1386238,5799096,Gabriela Boccalandro,Claudia,5
1386238,5799099,Maximiliano Sago,Julio,6
1386238,4054692,Berenice Zapiola,Gabriela,7
1386238,5799103,Griselda Rapi,Betina Lagos,8
1386238,5799107,Ramiro Martínez Russo,Niño Zombie,9
454639,1425934,Nicholas Galitzine,Adam / He-Man,0
454639,1721740,Camila Mendes,Teela,1
454639,17605,Idris Elba,Duncan,2
454639,7499,Jared Leto,Skeletor,3
454639,88029,Alison Brie,Evil-Lyn,4
454639,238164,Jóhannes Haukur Jóhannesson,Fisto,5
454639,2483272,Jon Xue Zhang,Ram Man,6
454639,2418119,Sam C. Wilson,Trap Jaw,7
454639,17648,James Purefoy,King Randor,8
454639,115679,Charlotte Riley,Queen Marlena,9
120,109,Elijah Wood,Frodo,0
120,1327,Ian McKellen,Gandalf,1
120,110,Viggo Mortensen,Aragorn,2
120,1328,Sean Astin,Sam,3
120,65,Ian Holm,Bilbo,4
120,882,Liv Tyler,Arwen,5
120,113,Christopher Lee,Saruman,6
120,48,Sean Bean,Boromir,7
120,1329,Billy Boyd,Pippin,8
120,1330,Dominic Monaghan,Merry,9
1723013,5165492,Aliya Raymundo,Carla,0
1723013,5701090,Margaret Diaz,Jillian,1
1723013,1200479,Albie Casiño,Andrew,2
1723013,4475099,Ghion Layug,Dante,3
603,6384,Keanu Reeves,Neo,0
603,2975,Laurence Fishburne,Morpheus,1
603,530,Carrie-Anne Moss,Trinity,2
603,1331,Hugo Weaving,Agent Smith,3
603,9364,Gloria Foster,Oracle,4
603,532,Joe Pantoliano,Cypher,5
603,9372,Marcus Chong,Tank,6
603,7244,Julian Arahanga,Apoc,7
603,9374,Matt Doran,Mouse,8
603,9376,Belinda McClory,Switch,9
122,109,Elijah Wood,Frodo,0
122,1327,Ian McKellen,Gandalf,1
122,110,Viggo Mortensen,Aragorn,2
122,1328,Sean Astin,Sam,3
122,1333,Andy Serkis,Gollum / Smeagol,4
122,1330,Dominic Monaghan,Merry,5
122,1329,Billy Boyd,Pippin,6
122,1381,John Noble,Denethor,7
122,1371,David Wenham,Faramir,8
122,502,Miranda Otto,Éowyn,9
1514863,2602879,Maitreyi Ramakrishnan,Maya,0
1514863,5065456,Priyanka Kedia,Anjali,1
1514863,552252,Hasan Minhaj,,2
1514863,2223751,Chaneil Kular,,3
1514863,2707475,Ankur Rathee,,4
1514863,3221816,Shreya Navile,,5
1514863,5650364,Becky Alex,,6
1514863,4224830,Nihar Duvvuri,,7
1514863,1720948,Nico Greetham,,8
1514863,5391942,Amryn Khurana,,9
1327819,1308818,Piper Curda,Mabel (voice),0
1327819,452205,Bobby Moynihan,King George (voice),1
1327819,65717,Jon Hamm,Mayor Jerry Generazzo (voice),2
1327819,11074,Kathy Najimy,Dr. Sam (voice),3
1327819,54697,Dave Franco,Insect King (voice),4
1327819,1653235,Eduardo Franco,Loaf (voice),5
1327819,1625231,Aparna Nancherla,Nisha (voice),6
1327819,1798896,Tom Law,Tom Lizard (voice),7
1327819,1429453,Sam Richardson,Conner (voice),8
1327819,1695631,Melissa Villaseñor,Ellen (voice),9
414906,11288,Robert Pattinson,Bruce Wayne / The Batman,0
414906,37153,Zoë Kravitz,Selina Kyle,1
414906,2954,Jeffrey Wright,Lt. James Gordon,2
414906,72466,Colin Farrell,Oz / The Penguin,3
414906,17142,Paul Dano,The Riddler,4
414906,1241,John Turturro,Carmine Falcone,5
414906,1333,Andy Serkis,Alfred,6
414906,133,Peter Sarsgaard,District Attorney Gil Colson,7
414906,1290466,Barry Keoghan,Unseen Arkham Prisoner,8
414906,2455272,Jayme Lawson,Bella Reál,9
