id,name,origin_country
420,Marvel Studios,US
5,Columbia Pictures,US
84041,Pascal Pictures,US
22213,TSG Entertainment,US
47,Constantin Film,DE
240675,Subconscious,US
829,Vertigo Entertainment,US
342,Davis Films,FR
125281,PlayStation Productions,US
559,TriStar Pictures,US
174,Warner Bros. Pictures,US
216687,Domain Entertainment,US
11461,Bad Robot,US
171235,Jackson Pictures,US
94218,Troll Court Entertainment,US
296158,Keylight Pictures,US
25120,Warner Animation Group,US
33,Universal Pictures,US
9996,Syncopy,GB
218768,Wow Point,KR
246330,Smilegate Entertainment,KR
243139,Midnight Studio,KR
14589,Code Entertainment,US
33768,The Solution,US
218150,Punch Palace Productions,GB
73492,MadRiver Pictures,US
2,Walt Disney Pictures,US
73669,Seven Bucks Productions,US
34081,Flynn Picture Company,US
122645,5000 Broadway Productions,US
62454,Legend Pictures,JP
3349,Scanner-Rhodes Productions,GB
46225,Untitled Entertainment,US
290125,Reinvent Yellow,DK
32485,Pokeepsie Films,ES
3,Pixar,US
210099,Amazon MGM Studios,US
244481,Rockwood Pictures,GB
155758,Tea Shop Productions,GB
273145,Under the Shell,US
154063,Capstone Pictures,US
3172,Blumhouse Productions,US
107352,Sithara Entertainments,IN
172461,Srikara Studios,IN
166697,Fortune Four Cinemas,IN
155744,Jagged Edge Productions,GB
6704,Illumination,US
42614,Vision Sugimoto,JP
3656,GAGA Communications,JP
235192,Lukra Films,PL
82819,Skydance Media,US
104228,Maximum Effort,US
129200,GoldDay,US
198917,Come and See Pictures,ID
7872,Rapi Films,ID
4399,Barunson E&A,KR
46840,Legacy Pictures,ID
99376,Dee Company,ID
158529,Ethea Entertainment,US
220517,Luber-Roklin Entertainment,US
202263,Pitt Street Productions,US
308708,Aquarius Films,ES
308732,The Last Sunrise,US
71738,Spin Master,CA
2348,Nickelodeon Movies,US
24955,Paramount Animation,US
84651,Draco Films,MX
270146,Paramount Television Studios,US
196800,Forged Films,KR
91505,Plus M Entertainment,KR
168283,Westworld Story,KR
77973,Lord Miller,US
232193,Open Invite Entertainment,US
22842,Waypoint Entertainment,US
109501,Bazelevs,US
59827,Patrick Aiello Productions,US
231386,Magenta Light Studios,US
2520,Arclight Films,US
200176,Simmons/Hamilton Productions,US
11068,Nostromo Pictures,ES
76098,Aristos Films,
293380,DW Film Holdings,AU
229487,Rabbits Black,US
2623,Blue Rider Pictures,US
56,Amblin Entertainment,US
4,Paramount Pictures,US
20187,Flying Bark Productions,AU
58209,Studio Mir,KR
149943,Avatar Studios,US
76907,Atomic Monster,US
2575,21 Laps Entertainment,US
41077,A24,US
262307,Phobos,CA
251729,The North Road Company,US
117672,Kavac Film,IT
7306,The Match Factory,DE
204957,MUBI,GB
223013,Sur Film,ES
214895,Crybaby,GB
128344,The Apartment Pictures,IT
251066,In Bloom,IT
187321,Cinema Inflámavel,BR
221028,Gold Rush Pictures,GB
289340,Rosebushpruning,ES
309458,SCoT(T),FR
13839,Metafilms,CA
143363,Star Distribution,
1,Lucasfilm Ltd.,US
7297,Fairview Entertainment,US
9245,Romano Film,
122699,iQIYI Pictures （重复 同 iQiyi Motion Pictures）,CN
197030,Tao Piao Piao 淘票票,CN
25657,Hairun Pictures Company,CN
250765,Dong Fang Chen Xiang,CN
813,Di Novi Pictures,US
4258,Fortis Films,US
79,Village Roadshow Pictures,US
6125,Walt Disney Animation Studios,US
158526,Walt Disney Animation Studios,CA
97,Castle Rock Entertainment,US
217982,Astral Future,US
208153,Dreamtime Entertainment,
124504,Oakhurst Entertainment,US
121204,BondIt Media Capital,US
198605,Latigo Films,
179981,Thomasville Pictures,US
185588,Eyevox Entertainment,
210197,AF Films,ES
304095,Match Point,
85150,Zip Cinema,KR
2785,Warner Bros. Animation,US
429,DC,US
127928,20th Century Studios,US
574,Lightstorm Entertainment,US
138783,Man in a Tree Productions,US
208281,Amazon Studios France,FR
303782,Originals by Trésor,
120768,Trésor Films,FR
106544,AGBO,US
184898,DC Studios,US
11565,The Safran Company,US
102060,Ford Films,US
254333,Little Shadows,US
254334,Hello Moon,US
25884,Raven Banner Entertainment,CA
923,Legendary Pictures,US
13769,Lynda Obst Productions,US
61975,Flawless Production,GB
303075,Cousin Jones,US
10163,Working Title,GB
1973,Three Strange Angels,GB
32537,Blossom Films,US
1088,Alcon Entertainment,US
1608,Wayans Bros. Entertainment,US
14,Miramax,US
5887,ufotable,JP
2883,Aniplex,JP
2918,Shueisha,JP
10211,Alfran Productions,US
16311,Albert S. Ruddy Productions,US
521,DreamWorks Animation,US
86773,Madants,PL
86772,Neda Film,GR
2801,Film i Väst,SE
8288,Zentropa International Sweden,SE
8000,Broken Road Productions,US
72954,AllyCat Entertainment,US
110723,Nickel City Pictures,US
221397,A Higher Standard,US
219277,G2 Dispatch,AU
165435,Angel Studios,US
309655,International Media Funds Management,AU
209819,Bright White Light,GB
28382,Kennedy Miller Mitchell,AU
41624,RatPac Entertainment,US
52270,Basque Films,ES
81,Plan B Entertainment,US
12288,Nintendo,JP
3952,Hemdale,GB
1280,Pacific Western,US
444,Dune Entertainment,US
25,20th Century Fox,US
133789,Ingenious Film Partners,GB
176762,Kevin Feige Productions,US
251926,Other Animal Entertainment,
12,New Line Cinema,US
3287,Screen Gems,US
768,Ghost House Pictures,US
437,Heyday Films,GB
436,1492 Pictures,US
180839,Lyrical Media,US
172841,Ryder Picture Company,US
1632,Lionsgate,US
3281,GK Films,US
19222,Optimum Productions,US
507,Atlas Entertainment,US
15123,Breakheart Films,US
239215,Peters Creek Entertainment,US
241198,Rodi Medya,TR
241199,Saros Film,TR
137004,Perfection Hunter Productions,US
1020,Millennium Media,US
10284,Edko Films,HK
12142,XYZ Films,US
131092,Zhejiang Hengdian Film Production,CN
22146,Black Bear Pictures,US
1474,Desperate Pictures,US
2251,Sony Pictures Animation,US
14439,Arad Productions,US
7505,Marvel Entertainment,US
266136,Davis Raccoon Films,CA
144925,Misil Producciones,
220736,Pluma Cine,
279535,Closer,
1423,Escape Artists,US
168848,Mattel Studios,US
11,WingNut Films,NZ
5237,The Saul Zaentz Company,US
149142,Vivamax,PH
372,Groucho II Film Partnership,
1885,Silver Pictures,US
183717,186K Films,US
118854,Rideback,US
101405,6th & Idaho Motion Picture Company,US
119245,Dylan Clark Productions,US
128064,DC Films,US
