id,imdb_id,title,overview,original_language,release_date,runtime,vote_average,vote_count
969681,tt22084616,Spider-Man: Brand New Day,Fighting crime full-time as Spider-Man in a world that doesn't remember him—and the pressure of seeing his old friends move on without him—sparks a change in Peter Parker he may not have the power to control. But that transformation might also be the only thing that can stop a shocking new threat to the city and those he loves - a powerful villain no one can even see.,en,2026-07-29,145,7.86,2795
1423191,tt35538033,Resident Evil,"Medical courier Bryan unwittingly finds himself fighting for survival as one fateful, horrifying night collapses around him in chaos.",en,2026-09-16,95,7.336,217
1101383,tt27165187,The End of Oak Street,"After a mysterious cosmic event rips Oak Street from suburbia and transports their neighborhood to someplace unknown, the Platt family soon discovers that their very survival depends on them sticking together as they navigate their now unrecognizable surroundings.",en,2026-08-12,100,6.995,1315
1204680,tt1756855,Coyote vs. Acme,"After Acme products fail him one too many times in his dogged pursuit of the Roadrunner, Wile E. Coyote decides to hire a billboard lawyer to sue the Acme Corporation.",en,2026-08-20,103,7.554,466
1368337,tt33764258,The Odyssey,"Odysseus, the legendary King of Ithaca, embarks on a long and perilous journey home following the Trojan War. Throughout his voyage, he is forced to confront the whims of gods, mythological monsters, and trials that stretch both his cunning and his humanity to the breaking point.",en,2026-07-15,173,8.0,3824
1375646,tt34385135,Colony,"Professor Se-jeong is thrust into a bloody nightmare when a rapidly mutating virus is released during a biotech conference causing authorities to seal the facility. Trapped inside with no escape, Se-jeong along with a small group of survivors must fight to stay alive while the infected undergo horrific transformations.",ko,2026-05-21,123,8.089,836
1294189,tt13611778,The Mongoose,"A falsely accused war hero with nothing to lose leads police on an epic televised cross-country car chase, helped by members of his former Special Forces Army battalion and closely monitored by a fascinated public rooting for his safe getaway.",en,2026-10-29,99,0.0,0
1288445,tt32338669,Mutiny,"After witnessing his billionaire boss' murder and being framed for the crime, Cole Reed boards a cargo ship on a one-man crusade to avenge his boss' death only to discover an international conspiracy.",en,2026-08-19,96,6.43,424
1108427,tt27419466,Moana,"Teenage Moana answers the Ocean's call and, for the first time, voyages beyond the reef of her island of Motunui with infamous demigod Maui on an unforgettable journey to restore prosperity to her people.",en,2026-07-08,115,7.401,720
1285366,tt33349025,Shape of My Heart,"A romance about a man and a woman who, due to an unexpected event, end up switching bodies. Despite coming from completely different backgrounds and environments, the two try to overcome the various difficulties that arise from their body swap.",ja,2024-07-06,91,5.688,8
1482547,tt36980377,Zip Wire,"When her ground-breaking pharmaceutical discovery is stolen and partner murdered, researcher Amy must face her fear of heights to escape nefarious attackers, with the only path to salvation being a treacherous aerial runway. To outsmart the mysterious hostiles, she has to summon every ounce of courage to protect the world-changing scientific discovery — and herself — before it's too late.",en,2026-08-31,95,7.6,12
1440098,tt36073210,Drawn Together,"Marfil, daughter of a powerful Spanish businessman, sees her life in New York turned upside down when she is kidnapped and released without explanation. Her father hires Sebastian Moore as bodyguard and, forced to spend every minute together, an inevitable attraction ignites in a world where nothing is as it seems.",es,2026-09-09,104,6.629,105
1084244,tt29355505,Toy Story 5,"When Bonnie receives a Lilypad tablet as a gift and becomes obsessed, Buzz, Woody, Jessie and the rest of the gang's jobs become exponentially harder when they have to go head to head with the all-new threat to playtime.",en,2026-06-17,102,8.361,2227
1386315,tt34564059,The Runner,"Maia Marten, a brilliant London lawyer, has her life shattered by a single call on her morning run: her son has been taken. To get him back, she must keep running, obey every ruthless command, and trust no one-each second a test of how far a mother will go to save her child.",en,2026-09-03,86,6.767,536
1339713,tt37287335,Obsession,"After breaking the mysterious ""One Wish Willow"" to win his crush's heart, a hopeless romantic finds himself getting exactly what he asked for but soon discovers that some desires come at a dark, sinister price.",en,2026-05-13,109,8.192,5641
1408162,tt35836025,Vishwanath & Sons,A celebrated Olympian shooter travels to America looking for a donor to help his sick child — but unexpected romance complicates his search.,ta,2026-08-14,161,7.241,26
1232569,tt30887701,Pinocchio: Unstrung,"Influenced by a sinister Cricket and created by Geppetto, Pinocchio launches a violent crusade to carve himself into a real boy like his brother James, one piece at a time.",en,2026-07-22,82,6.6,105
1315772,tt32890033,Minions & Monsters,"This is the rambunctious, ridiculous and totally true story of how the Minions conquered Hollywood, became movie stars, lost everything, unleashed monsters onto the world and then banded together to try and save the planet from the mayhem they had just created.",en,2026-06-24,90,7.554,1148
44980,tt0167508,Zero Woman 2,"When a valuable suitcase is stolen, the mob, petty criminals, and a beautiful agent from the Elite Zero division are pulled into a battle to settle the score.",ja,1995-09-05,99,5.0,8
1323244,tt29512655,Rage of Stars,"A story about a woman from the International Special Forces Unit, who has a premonition about the impending end of humanity.",en,2026-08-06,106,6.611,157
1137844,tt28014327,Mayday,"When a U.S. Navy pilot on a top-secret mission during the Cold War gets trapped behind enemy lines, his only chance at survival is to form an alliance with an eccentric ex-KGB agent.",en,2026-09-03,111,8.035,719
1393326,tt9000310,Ghost in the Cell,"In a notorious prison, an invisible force begins killing inmates brutally, compelling enemy gangs and corrupt guards to work together as they try to survive the mounting bloodshed.",id,2026-04-16,106,7.201,67
1469930,tt38497679,Project Sacrifice,"While investigating their father’s death inside a major bridge construction company, Yuda and his family attempt to prove that the frequent, deadly workplace accidents are actually human sacrifices.",id,2026-05-13,106,3.875,4
1516698,tt37654096,The Last Sunrise,"Ry, a college student with a chronic illness, escapes to Mallorca for the summer with her mother, where she unexpectedly falls for a local and begins to embrace living in the moment. But as her condition worsens and long-hidden family secrets come to light, everything she has found before summer's end is threatened.",en,2026-08-26,107,6.784,185
1185806,tt29356163,PAW Patrol: The Dino Movie,"The Paw Patrol lands on a mysterious dinosaur island after a storm, where they meet Rex, a stranded pup. When Humdinger's reckless mining triggers a volcano, the team faces their biggest rescue mission yet to save the island.",en,2026-07-23,88,7.929,127
1621552,tt39390497,Facing El Chapo,Two Mexican officers must survive the final hours of their shift after crossing a ruthless cartel boss.,es,2026-08-21,91,8.777,761
1506560,tt37752275,Clash of the Thundermans,"When Chloe develops a destructive new superpower, the Hero League orders her to an elite boarding school for superheroes to learn control of her abilities. Faced with the prospect of sending Chloe away for years, the Thundermans split apart, with Phoebe, Barb and Billy taking her into hiding. Max, Hank, and Nora track their rogue family members, until the two factions face off against each other in a full-on battle for the Thundermans’ future.",en,2026-09-03,72,6.8,61
1058424,tt27369017,Hope,"In the remote South Korean village of Hope Harbor, police chief Bum-seok and officer Sung-ae are called to investigate a mysterious creature wreaking havoc on the community. But all is not as it seems, and perceptions can be misleading. What begins as ignorance plants the seed of disaster, escalating through human conflict into a tragedy of cosmic proportions.",ko,2026-07-15,157,7.414,81
687163,tt12042730,Project Hail Mary,"Science teacher Ryland Grace wakes up on a spaceship light years from home with no recollection of who he is or how he got there. As his memory returns, he begins to uncover his mission: solve the riddle of the mysterious substance causing the sun to die out. He must call on his scientific knowledge and unorthodox ideas to save everything on Earth from extinction.",en,2026-03-15,157,8.64,7870
755898,tt13186306,War of the Worlds,"Will Radford is a top analyst for Homeland Security who tracks potential threats through a mass surveillance program, until one day an attack by an unknown entity leads him to question whether the government is hiding something from him... and from the rest of the world.",en,2025-07-29,91,4.023,1143
1127384,tt29516222,Deep Water,A group of international passengers on a flight from Los Angeles to Shanghai is forced to make an emergency landing in shark-infested waters. The terrified group is forced to work together and overcome their differences if they hope to escape their sinking plane and the frenzy of sharks drawn to the wreckage.,en,2026-04-30,107,7.36,585
1275779,tt15047880,Disclosure Day,"A cybersecurity expert becomes a whistleblower after uncovering secrets about aliens, putting him on the run from a corporation. Meanwhile, a meteorologist experiencing strange phenomena joins forces with him to prove there's life beyond our understanding.",en,2026-06-10,146,7.464,3390
980431,tt18259538,Avatar Aang: The Last Airbender,"Avatar Aang, the world's last Airbender, learns of an ancient power that could save his culture from extinction. With the help of his friends, he embarks on a global quest to find it before it falls into the wrong hands and threatens to upend the peace they sacrificed everything to achieve.",en,2026-07-24,99,9.1,1166
1083381,tt26657236,Backrooms,A strange doorway appears in the basement of a furniture showroom.,en,2026-05-27,111,7.035,3351
299534,tt4154796,Avengers: Endgame,"After the devastating events of Avengers: Infinity War, the universe is in ruins due to the efforts of the Mad Titan, Thanos. With the help of remaining allies, the Avengers must assemble once more in order to undo Thanos' actions and restore order to the universe once and for all, no matter what consequences may be in store.",en,2019-04-24,181,8.243,28717
299536,tt4154756,Avengers: Infinity War,"As the Avengers and their allies have continued to protect the world from threats too large for any one hero to handle, a new danger has emerged from the cosmic shadows: Thanos. A despot of intergalactic infamy, his goal is to collect all six Infinity Stones, artifacts of unimaginable power, and use them to inflict his twisted will on all of reality. Everything the Avengers have fought for has led up to this moment - the fate of Earth and existence itself has never been more uncertain.",en,2018-04-25,149,8.243,32939
1130948,tt27844906,Rosebush Pruning,"When an American heir living in a luxurious Spanish villa decides to move in with his girlfriend, his departure triggers a family collapse as his brother uncovers the truth behind their mother's tragic death.",en,2026-04-23,95,6.2,50
1599993,tt34224947,Animals,"Four couples sail the thin line between desire and search for authenticity, in a world where truth is as fragile as their relationships.",es,2026-02-05,0,6.292,48
1228710,tt30825738,The Mandalorian and Grogu,"The evil Empire has fallen, and Imperial warlords remain scattered throughout the galaxy. As the fledgling New Republic works to protect everything the Rebellion fought for, they have enlisted the help of legendary Mandalorian bounty hunter Din Djarin and his young apprentice Grogu.",en,2026-05-20,132,7.473,1676
264980,tt0068986,Loves of a French Pussycat,"Rolf, a sex-advice columnist and a lecher, has affairs with numerous women, but never a permanent relationship. Suzanne, one of his ex-lovers, offers to bet that no woman can get Rolf to propose marriage, a bet her girlfriend Andrea eagerly accepts. But there's a catch: To win the bet, Andrea must get the womanizing Rolf to commit to marriage without first going to bed with him.",de,1972-03-09,94,4.2,9
1419406,tt34610311,The Shadow's Edge,Macau Police brings the tracking expert police officer out of retirement to help catch a dangerous group of professional thieves.,zh,2025-08-16,142,8.278,1443
6435,tt0120791,Practical Magic,"Sally and Gillian Owens, born into a magical family, have mostly avoided witchcraft themselves. But when Gillian's vicious boyfriend, Jimmy Angelov, dies unexpectedly, the Owens sisters give themselves a crash course in hard magic. With policeman Gary Hallet growing suspicious, the girls struggle to resurrect Angelov -- and unwittingly inject his corpse with an evil spirit that threatens to end their family line.",en,1998-10-16,104,6.808,1951
1084242,tt26443597,Zootopia 2,"After cracking the biggest case in Zootopia's history, rookie cops Judy Hopps and Nick Wilde find themselves on the twisting trail of a great mystery when Gary De'Snake arrives and turns the animal metropolis upside down. To crack the case, Judy and Nick must go undercover to unexpected new parts of town, where their growing partnership is tested like never before.",en,2025-11-26,108,7.675,3442
278,tt0111161,The Shawshank Redemption,"Imprisoned in the 1940s for the double murder of his wife and her lover, upstanding banker Andy Dufresne begins a new life at the Shawshank prison, where he puts his accounting skills to work for an amoral warden. During his long stretch in prison, Dufresne comes to be admired by the other inmates -- including an older prisoner named Red -- for his integrity and unquenchable sense of hope.",en,1994-09-23,142,8.731,31367
1228834,tt9601292,The Fix,"Disillusioned by the end of the war in Afghanistan, a group of disgraced, war-torn ex-CIA operatives set out to Tehran to take down a life-changing score.",en,2026-09-10,142,7.433,15
1514682,tt37603783,Above & Below,A group of friends set off for an unforgettable vacation. What begins as an adventure of partying and diving quickly turns into a nightmare when they are attacked by criminals in open waters.,en,2026-07-29,95,6.1,40
1156869,,Blaze of Love,Hong Kong movie,en,1994-01-01,0,0.0,0
1224993,tt32491690,Dark Nuns,"Desperation drives two nuns to perform an exorcism no nun should attempt. With a possessed child at the mercy of evil and the opposition of the Catholic Church, they take on the dangerous forbidden rituals themselves, putting their immortal souls in grave danger. They must confront the terrifying cost of their sacrilegious actions, but one goal remains: the boy must be saved at all costs.",ko,2025-01-24,115,6.229,96
1560520,tt32333324,Batman: Knightfall Part 1: Knightfall,"Arkham Asylum has been destroyed, and all its inmates have been unleashed upon Gotham City. As Batman races to round up some of his greatest enemies, he is pushed to his physical and mental limits and into a final confrontation with a new threat: the man called Bane!",en,2026-06-23,79,9.19,352
83533,tt1757678,Avatar: Fire and Ash,"In the wake of the devastating war against the RDA and the loss of their eldest son, Jake Sully and Neytiri face a new threat on Pandora: the Ash People, a violent and power-hungry Na'vi tribe led by the ruthless Varang. Jake's family must fight for their survival and the future of Pandora in a conflict that pushes them to their emotional and physical limits.",en,2025-12-17,198,7.642,4348
1318467,tt33253206,The Last Kiss,"Laurel always imagined her first kiss would be a fairy tale. Instead, that fantasy turns frightening when she's cursed with an ability to see the death of anyone she kisses. After a vision reveals her crush is doomed to die in a strange murder spree targeting her closest friends, she races to unmask the killer before the mystery becomes a massacre.",en,2026-09-15,97,6.417,12
1641629,tt43617372,You+Me - Against the World,"Alma Lancaster, 18, appears to lead a perfect life within a wealthy family who believes she is studying law. In secret, she pursues her true dream: filmmaking. On campus, she meets Vadim Arcadi, 20, a magnetic and solitary rebel with a troubled past. Forced to collaborate on a student film, they clash, grow closer and fall in love — despite themselves. But someone is watching them, determined to tear them apart and expose secrets that could destroy both Alma and Vadim.",fr,2026-09-18,94,5.7,32
860508,tt11561116,The Whisper Man,"When his young son vanishes, a widower enlists help from his estranged father, a retired detective who put away the serial killer now linked to the case.",en,2026-08-27,111,6.849,756
1081003,tt8814476,Supergirl,"When an unexpected and ruthless adversary strikes too close to home, Kara Zor-El, aka Supergirl, reluctantly joins forces with an unlikely companion on an epic, interstellar journey of vengeance and justice.",en,2026-06-24,108,6.683,2369
1405742,tt29543015,Portal to Hell,"After a debt-collector finds a portal to hell in a washing machine at his local laundromat, he’s propositioned into feeding it sinners to save his neighbor’s soul, maybe even at the expense of his own.",en,2025-02-22,93,5.091,11
157336,tt0816692,Interstellar,The adventures of a group of explorers who make use of a newly discovered wormhole to surpass the limitations on human space travel and conquer the vast distances involved in an interstellar voyage.,en,2014-11-05,169,8.488,41200
1101412,tt31192372,Fall 2: Deadpoint,"On a perilous climb across Thailand's Mount Kwan, two climbers become trapped thousands of feet above the ground, where vertigo-inducing heights, sheer exposure, and impossible odds turn every moment into a fight for survival.",en,2026-09-01,98,6.8,38
1301421,tt32565993,The Sheep Detectives,"George Hardy is a shepherd who reads detective novels to his beloved sheep every night, assuming they can't possibly understand. But when a mysterious incident disrupts life on the farm, the sheep realize they must become the detectives. As they follow the clues and investigate human suspects, they prove that even sheep can be brilliant crime-solvers.",en,2026-04-30,109,7.936,1691
1302904,tt32588798,Practical Magic 2,The Owens sisters must confront the dark curse that threatens to unravel their family once and for all.,en,2026-09-09,130,6.059,76
24428,tt0848228,The Avengers,"When an unexpected enemy emerges and threatens global safety and security, Nick Fury, director of the international peacekeeping agency known as S.H.I.E.L.D., finds himself in need of a team to pull the world back from the brink of disaster. Spanning the globe, a daring recruitment effort begins!",en,2012-04-25,143,8.076,39772
634649,tt10872600,Spider-Man: No Way Home,"Peter Parker is unmasked and no longer able to separate his normal life from the high-stakes of being a super-hero. When he asks for help from Doctor Strange the stakes become even more dangerous, forcing him to discover what it truly means to be Spider-Man.",en,2021-12-15,148,7.947,23144
1273221,tt32093575,Scary Movie,"Twenty-six years after outrunning a suspiciously familiar masked killer, the Core Four are back in the killer's crosshairs and no horror movie IP is safe.",en,2026-06-03,96,6.381,1919
1311031,tt32820897,Demon Slayer: Kimetsu no Yaiba Infinity Castle,"The Demon Slayer Corps are drawn into the Infinity Castle, where Tanjiro, Nezuko, and the Hashira face terrifying Upper Rank demons in a desperate fight as the final battle against Muzan Kibutsuji begins.",ja,2025-07-18,156,8.8,2159
238,tt0068646,The Godfather,"Spanning the years 1945 to 1955, a chronicle of the fictional Italian-American Corleone crime family. When organized crime family patriarch, Vito Corleone barely survives an attempt on his life, his youngest son, Michael steps in to take care of the would-be killers, launching a campaign of bloody revenge.",en,1972-03-14,175,8.687,23604
1184918,tt29623480,The Wild Robot,"After a shipwreck, an intelligent robot called Roz is stranded on an uninhabited island. To survive the harsh environment, Roz bonds with the island's animals and cares for an orphaned baby goose.",en,2024-09-12,102,8.3,6619
813418,tt14119302,Hot Spot,"Set in a near future society ruled by sentient A.I., a private eye investigates a murder case only to discover a rebel group capable of undermining the digital overlord. As the detective's identity slowly unravels, his world enters a state of hypnotic meltdown.",en,2026-08-21,101,4.905,21
155,tt0468569,The Dark Knight,"Batman raises the stakes in his war on crime. With the help of Lt. Jim Gordon and District Attorney Harvey Dent, Batman sets out to dismantle the remaining criminal organizations that plague the streets. The partnership proves to be effective, but they soon find themselves prey to a reign of chaos unleashed by a rising criminal mastermind known to the terrified citizens of Gotham as the Joker.",en,2008-07-16,152,8.535,36743
1377237,tt31349844,Runner,"A former soldier is thrown into a brutal race against time when a critical medical delivery makes him and his unlikely partner the targets of a ruthless cartel. As the mission spirals into a deadly manhunt, every detour, delay, and bullet pushes them closer to failure. With betrayal closing in from every side, they must survive the chase and deliver their cargo to save the life of a little girl.",en,2026-09-07,97,7.9,31
76341,tt1392190,Mad Max: Fury Road,"An apocalyptic story set in the furthest reaches of our planet, in a stark desert landscape where humanity is broken, and most everyone is crazed fighting for the necessities of life. Within this world exist two rebels on the run who just might be able to restore order.",en,2015-05-13,121,7.639,24628
1180894,tt6215522,Under Your Feet,"Isabel moves with her two children into a very prestigious building that has a very peculiar admission method but at a very affordable rental fee. Once approved and settled, three elderly neighbors from the lower floor will turn their lives upside down.",es,2026-02-19,93,5.019,27
1240889,tt35298123,Teenage Sex and Death at Camp Miasma,"After years of slapdash sequels, the Camp Miasma franchise is handed over to an enthusiastic young director for resurrection. But when she visits the original’s star, a now-reclusive actress shrouded in mystery, the two women fall into a blood-soaked world of desire, fear, and delirium.",en,2026-08-06,112,6.48,149
27205,tt1375666,Inception,"Cobb, a skilled thief who commits corporate espionage by infiltrating the subconscious of his targets is offered a chance to regain his old life as payment for a task considered to be impossible: ""inception"", the implantation of another person's idea into a target's subconscious.",en,2010-07-15,148,8.374,40215
1226863,tt28650488,The Super Mario Galaxy Movie,"Having thwarted Bowser's previous plot to marry Princess Peach, Mario and Luigi now face a fresh threat in Bowser Jr., who is determined to liberate his father from captivity and restore the family legacy. Alongside companions new and old, the brothers travel across the stars to stop the young heir's crusade.",en,2026-04-01,98,8.223,3701
218,tt0088247,The Terminator,"In the post-apocalyptic future, reigning tyrannical supercomputers teleport a cyborg assassin known as the ""Terminator"" back to 1984 to kill Sarah Connor, whose unborn son is destined to lead insurgents against 21st century mechanical hegemony. Meanwhile, the human-resistance movement dispatches a lone warrior to safeguard Sarah. Can he stop the virtually indestructible killing machine?",en,1984-10-26,108,7.694,15147
19995,tt0499549,Avatar,"In the 22nd century, a paraplegic Marine is dispatched to the moon Pandora on a unique mission, but becomes torn between following orders and protecting an alien civilization.",en,2009-12-16,162,7.61,34694
533535,tt6263850,Deadpool & Wolverine,"A listless Wade Wilson toils away in civilian life with his days as the morally flexible mercenary, Deadpool, behind him. But when his homeworld faces an existential threat, Wade must reluctantly suit-up again with an even more reluctant Wolverine.",en,2024-07-24,128,7.59,9478
1641580,tt28370319,The Last Assassins,"After her father is murdered, a young warrior known as “The Kid” and her guardian cross a violent dystopian future in search of the aunt she has never met. The world is trapped in permanent winter and shrouded in deadly fog, and Nobel is bound by an oath to protect the few remaining members of her family. Their journey leads them to an abandoned laboratory, where holograms reveal secrets from the family’s past. But as the boundary between the digital and physical worlds begins to collapse, the young woman may hold the key to what comes next.",en,2026-08-11,84,6.0,6
1212763,tt31170389,Evil Dead Burn,"After her husband's abrupt death, Alice seeks solace with his remaining family — descendants of a leading researcher on demonic possession. As her in-laws transform one by one into creatures that feed on fear, she comes to discover that the vows she took in life survive even in death.",en,2026-07-07,110,7.685,1555
671,tt0241527,Harry Potter and the Philosopher's Stone,"Harry Potter has lived under the stairs at his aunt and uncle's house his whole life. But on his 11th birthday, he learns he's a powerful wizard—with a place waiting for him at the Hogwarts School of Witchcraft and Wizardry. As he learns to harness his newfound powers with the help of the school's kindly headmaster, Harry uncovers the truth about his parents' deaths—and about the villain who's to blame.",en,2001-11-16,152,7.903,30253
1284465,tt32273171,The Death of Robin Hood,"Grappling with his past after a life of crime and murder, Robin Hood finds himself gravely injured after a battle he thought would be his last. In the hands of a mysterious woman, he is offered a chance at salvation.",en,2026-06-18,123,6.228,320
936075,tt11378946,Michael,"The story of Michael Jackson, one of the most influential artists the world has ever known, and his life beyond the music. His journey from the discovery of his extraordinary talent as the lead of the Jackson Five, to the visionary artist whose creative ambition fueled a relentless pursuit to become the biggest entertainer in the world, highlighting both his life off-stage and some of the most iconic performances from his early solo career.",en,2026-04-22,128,8.634,4382
872585,tt15398776,Oppenheimer,The story of J. Robert Oppenheimer's role in the development of the atomic bomb during World War II.,en,2023-07-19,181,8.023,12515
1656489,tt41228546,Sultana,"Sultana is a drama set in Istanbul's one and only strip club, telling a story of a women, power, rivalry and solidarity. A new Turkish story where women are not victims in a fairy tale, but warriors learning that the 'handsome prince' is often the real monster- and their only salvation is each other. Meral the long reigning queen of the one and only strip club of Istanbul which is Sultana, takes a talented new Belarusian dancer named Anna under her wing. But she soon realizes she has created a rival powerful enough to replace her, and a ruthless power struggle erupts between the two women.",tr,2026-04-17,120,6.0,4
1594914,tt19035928,Lucky Strike,"A wounded American soldier fights to survive behind enemy lines during WWII's Battle of the Bulge against the Germans, relying on his instinct, spy craft and a hand-radio to evade capture and find his way back to his unit.",en,2026-06-26,102,6.84,47
1234821,tt31036941,Jurassic World Rebirth,"Five years after the events of Jurassic World Dominion, covert operations expert Zora Bennett is contracted to lead a skilled team on a top-secret mission to secure genetic material from the world's three most massive dinosaurs. When Zora's operation intersects with a civilian family whose boating expedition was capsized, they all find themselves stranded on an island where they come face-to-face with a sinister, shocking discovery that's been hidden from the world for decades.",en,2025-06-23,134,6.258,3769
1280738,tt33311069,The Furious,"After a criminal network kidnaps Wang Wei's daughter and the corrupt police refuse to assist him, Wei sets out on his own to locate her. Navin, a tenacious journalist whose wife has mysteriously vanished, is his only ally. In this explosive martial arts showdown, the unlikely duo fights the kidnappers ruthlessly driven by a furious vengeance.",zh,2026-06-10,113,8.184,740
1288059,tt32332915,I Want Your Sex,"When a naive young man becomes the sexual muse for a renowned and provocative artist, his dream job quickly turns dangerous as he is drawn into an obsessive world of power, betrayal, and murder.",en,2026-07-29,90,6.146,79
822119,tt14513804,Captain America: Brave New World,"After meeting with newly elected U.S. President Thaddeus Ross, Sam finds himself in the middle of an international incident. He must discover the reason behind a nefarious global plot before the true mastermind has the entire world seeing red.",en,2025-02-12,119,5.953,3414
693134,tt15239678,Dune: Part Two,"Follow the mythic journey of Paul Atreides as he unites with Chani and the Fremen while on a path of revenge against the conspirators who destroyed his family. Facing a choice between the love of his life and the fate of the known universe, Paul endeavors to prevent a terrible future only he can foresee.",en,2024-02-27,167,8.137,8582
569094,tt9362722,Spider-Man: Across the Spider-Verse,"After reuniting with Gwen Stacy, Brooklyn’s full-time, friendly neighborhood Spider-Man is catapulted across the Multiverse, where he encounters the Spider Society, a team of Spider-People charged with protecting the Multiverse's very existence. But when the heroes clash on how to handle a new threat, Miles finds himself pitted against the other Spiders and must set out on his own to save those he loves most.",en,2023-05-31,140,8.35,9262
460458,tt6920084,Resident Evil: Welcome to Raccoon City,"Once the booming home of pharmaceutical giant Umbrella Corporation, Raccoon City is now a dying Midwestern town. The company’s exodus left the city a wasteland…with great evil brewing below the surface. When that evil is unleashed, the townspeople are forever…changed…and a small group of survivors must work together to uncover the truth behind Umbrella and make it through the night.",en,2021-11-24,107,5.927,2791
1386238,tt21220878,Black Gold,"Ramiro meets Damián again after years without seeing each other. Damián always has some shady business going on. This time he wants to go in a search of a certain treasure hidden in an abandoned convent. Lara, Ramiro's girlfriend, doesn't trust Damián and decides to accompany them. What they don't know is that taking that thing from there could unleash a curse that will haunt them forever, unless they return it just as they found it.",es,2024-12-06,64,3.0,1
454639,tt0427340,Masters of the Universe,"After being separated for 15 years, the Sword of Power leads Prince Adam back to Eternia, where he discovers his home shattered under the fiendish rule of Skeletor. To save his family and his world, Adam must join forces with his closest allies, Teela and Duncan/Man-At-Arms, and embrace his true destiny as He-Man — the most powerful man in the universe.",en,2026-06-03,141,7.119,2143
120,tt0120737,The Lord of the Rings: The Fellowship of the Ring,"Young hobbit Frodo Baggins, after inheriting a mysterious ring from his uncle Bilbo, must leave his home in order to keep it from falling into the hands of its evil creator. Along the way, a fellowship is formed to protect the ringbearer and make sure that the ring arrives at its final destination: Mt. Doom, the only place where it can be destroyed.",en,2001-12-18,179,8.445,28373
1723013,tt42764234,Hibla 2,"Two VMX queens, Aliya Raymundo and Margaret Diaz, play reunited childhood friends who share a memorable past and a complicated present: one is a liberated city girl, the other a sheltered country virgin, and both are surrounded by men eager to get a taste of their youth.",tl,2026-06-30,80,3.0,1
603,tt0133093,The Matrix,"Set in the 22nd century, The Matrix tells the story of a computer hacker who joins a group of underground insurgents fighting the vast and powerful computers who now rule the earth.",en,1999-03-31,136,8.259,28757
122,tt0167260,The Lord of the Rings: The Return of the King,"As armies mass for a final battle that will decide the fate of the world--and powerful, ancient forces of Light and Dark compete to determine the outcome--one member of the Fellowship of the Ring is revealed as the noble heir to the throne of the Kings of Men. Yet, the sole hope for triumph over evil lies with a brave hobbit, Frodo, who, accompanied by his loyal friend Sam and the hideous, wretched Gollum, ventures deep into the very dark heart of Mordor on his seemingly impossible quest to destroy the Ring of Power.​",en,2003-12-17,201,8.506,27372
1514863,tt16478058,Best of the Best,Two best friends at UCLA leap into the competitive and cutthroat world of collegiate Bollywood-fusion dance.,en,2026-09-18,112,5.167,21
1327819,tt26443616,Hoppers,"Scientists have discovered how to 'hop' human consciousness into lifelike robotic animals, allowing people to communicate with animals as animals. Animal lover Mabel seizes an opportunity to use the technology, uncovering mysteries within the animal world beyond anything she could have imagined.",en,2026-03-04,104,8.148,2354
414906,tt1877830,The Batman,"In his second year of fighting crime, Batman uncovers corruption in Gotham City that connects to his own family while facing a serial killer known as the Riddler.",en,2022-03-01,177,7.67,12534
