class,local_uri,key,name,wikidata_uri,wikidata_label,dbpedia_uri,relation,search_method,matched_by,status
country,https://example.org/country/US,US,United States of America,http://www.wikidata.org/entity/Q30,United States,http://dbpedia.org/resource/United_States,http://www.w3.org/2002/07/owl#sameAs,iso_code_P297,unique,approved
country,https://example.org/country/GB,GB,United Kingdom,http://www.wikidata.org/entity/Q145,United Kingdom,http://dbpedia.org/resource/United_Kingdom,http://www.w3.org/2002/07/owl#sameAs,iso_code_P297,unique,approved
country,https://example.org/country/JM,JM,Jamaica,http://www.wikidata.org/entity/Q766,Jamaica,http://dbpedia.org/resource/Jamaica,http://www.w3.org/2002/07/owl#sameAs,iso_code_P297,unique,approved
country,https://example.org/country/BS,BS,Bahamas,http://www.wikidata.org/entity/Q778,The Bahamas,http://dbpedia.org/resource/The_Bahamas,http://www.w3.org/2002/07/owl#sameAs,iso_code_P297,unique,approved
country,https://example.org/country/DM,DM,Dominica,http://www.wikidata.org/entity/Q784,Dominica,http://dbpedia.org/resource/Dominica,http://www.w3.org/2002/07/owl#sameAs,iso_code_P297,unique,approved
country,https://example.org/country/CZ,CZ,Czech Republic,http://www.wikidata.org/entity/Q213,Czech Republic,http://dbpedia.org/resource/Czech_Republic,http://www.w3.org/2002/07/owl#sameAs,iso_code_P297,unique,approved
country,https://example.org/country/PL,PL,Poland,http://www.wikidata.org/entity/Q36,Poland,http://dbpedia.org/resource/Poland,http://www.w3.org/2002/07/owl#sameAs,iso_code_P297,unique,approved
country,https://example.org/country/SI,SI,Slovenia,http://www.wikidata.org/entity/Q215,Slovenia,http://dbpedia.org/resource/Slovenia,http://www.w3.org/2002/07/owl#sameAs,iso_code_P297,unique,approved
country,https://example.org/country/NZ,NZ,New Zealand,http://www.wikidata.org/entity/Q664,New Zealand,http://dbpedia.org/resource/New_Zealand,http://www.w3.org/2002/07/owl#sameAs,iso_code_P297,unique,approved
country,https://example.org/country/DE,DE,Germany,http://www.wikidata.org/entity/Q183,Germany,http://dbpedia.org/resource/Germany,http://www.w3.org/2002/07/owl#sameAs,iso_code_P297,unique,approved
country,https://example.org/country/CN,CN,China,http://www.wikidata.org/entity/Q148,People's Republic of China,http://dbpedia.org/resource/China,http://www.w3.org/2002/07/owl#sameAs,iso_code_P297,unique,approved
country,https://example.org/country/CA,CA,Canada,http://www.wikidata.org/entity/Q16,Canada,http://dbpedia.org/resource/Canada,http://www.w3.org/2002/07/owl#sameAs,iso_code_P297,unique,approved
country,https://example.org/country/IT,IT,Italy,http://www.wikidata.org/entity/Q38,Italy,http://dbpedia.org/resource/Italy,http://www.w3.org/2002/07/owl#sameAs,iso_code_P297,unique,approved
country,https://example.org/country/JP,JP,Japan,http://www.wikidata.org/entity/Q17,Japan,http://dbpedia.org/resource/Japan,http://www.w3.org/2002/07/owl#sameAs,iso_code_P297,unique,approved
country,https://example.org/country/MT,MT,Malta,http://www.wikidata.org/entity/Q233,Malta,http://dbpedia.org/resource/Malta,http://www.w3.org/2002/07/owl#sameAs,iso_code_P297,unique,approved
country,https://example.org/country/AU,AU,Australia,http://www.wikidata.org/entity/Q408,Australia,http://dbpedia.org/resource/Australia,http://www.w3.org/2002/07/owl#sameAs,iso_code_P297,unique,approved
country,https://example.org/country/FR,FR,France,http://www.wikidata.org/entity/Q142,France,http://dbpedia.org/resource/France,http://www.w3.org/2002/07/owl#sameAs,iso_code_P297,unique,approved
country,https://example.org/country/BE,BE,Belgium,http://www.wikidata.org/entity/Q31,Belgium,http://dbpedia.org/resource/Belgium,http://www.w3.org/2002/07/owl#sameAs,iso_code_P297,unique,approved
country,https://example.org/country/IN,IN,India,http://www.wikidata.org/entity/Q668,India,http://dbpedia.org/resource/India,http://www.w3.org/2002/07/owl#sameAs,iso_code_P297,unique,approved
language,https://example.org/language/en,en,English,http://www.wikidata.org/entity/Q1860,English,http://dbpedia.org/resource/English_language,http://www.w3.org/2002/07/owl#sameAs,iso_code_P218,unique,approved
language,https://example.org/language/es,es,Español,http://www.wikidata.org/entity/Q1321,Spanish,http://dbpedia.org/resource/Spanish_language,http://www.w3.org/2002/07/owl#sameAs,iso_code_P218,unique,approved
language,https://example.org/language/fr,fr,Français,http://www.wikidata.org/entity/Q150,French,http://dbpedia.org/resource/French_language,http://www.w3.org/2002/07/owl#sameAs,iso_code_P218,unique,approved
language,https://example.org/language/it,it,Italiano,http://www.wikidata.org/entity/Q652,Italian,http://dbpedia.org/resource/Italian_language,http://www.w3.org/2002/07/owl#sameAs,iso_code_P218,unique,approved
language,https://example.org/language/de,de,Deutsch,http://www.wikidata.org/entity/Q188,German,http://dbpedia.org/resource/German_language,http://www.w3.org/2002/07/owl#sameAs,iso_code_P218,unique,approved
language,https://example.org/language/tr,tr,Türkçe,http://www.wikidata.org/entity/Q256,Turkish,http://dbpedia.org/resource/Turkish_language,http://www.w3.org/2002/07/owl#sameAs,iso_code_P218,unique,approved
language,https://example.org/language/el,el,ελληνικά,http://www.wikidata.org/entity/Q36510,Modern Greek,http://dbpedia.org/resource/Modern_Greek,http://www.w3.org/2002/07/owl#sameAs,iso_code_P218,unique,approved
language,https://example.org/language/zh,zh,普通话,http://www.wikidata.org/entity/Q7850,Chinese,http://dbpedia.org/resource/Chinese_language,http://www.w3.org/2002/07/owl#sameAs,iso_code_P218,unique,approved
language,https://example.org/language/th,th,ภาษาไทย,http://www.wikidata.org/entity/Q9217,Thai,http://dbpedia.org/resource/Thai_language,http://www.w3.org/2002/07/owl#sameAs,iso_code_P218,unique,approved
language,https://example.org/language/is,is,Íslenska,http://www.wikidata.org/entity/Q294,Icelandic,http://dbpedia.org/resource/Icelandic_language,http://www.w3.org/2002/07/owl#sameAs,iso_code_P218,unique,approved
language,https://example.org/language/ru,ru,Pусский,http://www.wikidata.org/entity/Q7737,Russian,http://dbpedia.org/resource/Russian_language,http://www.w3.org/2002/07/owl#sameAs,iso_code_P218,unique,approved
language,https://example.org/language/sv,sv,svenska,http://www.wikidata.org/entity/Q9027,Swedish,http://dbpedia.org/resource/Swedish_language,http://www.w3.org/2002/07/owl#sameAs,iso_code_P218,unique,approved
language,https://example.org/language/ro,ro,Română,http://www.wikidata.org/entity/Q7913,Romanian,http://dbpedia.org/resource/Romanian_language,http://www.w3.org/2002/07/owl#sameAs,iso_code_P218,unique,approved
language,https://example.org/language/ja,ja,日本語,http://www.wikidata.org/entity/Q5287,Japanese,http://dbpedia.org/resource/Japanese_language,http://www.w3.org/2002/07/owl#sameAs,iso_code_P218,unique,approved
language,https://example.org/language/la,la,Latin,http://www.wikidata.org/entity/Q397,Latin,http://dbpedia.org/resource/Latin,http://www.w3.org/2002/07/owl#sameAs,iso_code_P218,unique,approved
language,https://example.org/language/hi,hi,हिन्दी,http://www.wikidata.org/entity/Q1568,Hindi,http://dbpedia.org/resource/Hindi,http://www.w3.org/2002/07/owl#sameAs,iso_code_P218,unique,approved
language,https://example.org/language/pt,pt,Português,http://www.wikidata.org/entity/Q5146,Portuguese,http://dbpedia.org/resource/Portuguese_language,http://www.w3.org/2002/07/owl#sameAs,iso_code_P218,unique,approved
language,https://example.org/language/bo,bo,,http://www.wikidata.org/entity/Q34271,Tibetan,http://dbpedia.org/resource/Lhasa_Tibetan,http://www.w3.org/2002/07/owl#sameAs,iso_code_P218,unique,approved
language,https://example.org/language/fa,fa,فارسی,http://www.wikidata.org/entity/Q9168,Persian,http://dbpedia.org/resource/Persian_language,http://www.w3.org/2002/07/owl#sameAs,iso_code_P218,unique,approved
language,https://example.org/language/ur,ur,اردو,http://www.wikidata.org/entity/Q1617,Urdu,http://dbpedia.org/resource/Urdu,http://www.w3.org/2002/07/owl#sameAs,iso_code_P218,unique,approved
language,https://example.org/language/ar,ar,العربية,http://www.wikidata.org/entity/Q13955,Arabic,http://dbpedia.org/resource/Arabic,http://www.w3.org/2002/07/owl#sameAs,iso_code_P218,unique,approved
language,https://example.org/language/sa,sa,,http://www.wikidata.org/entity/Q11059,Sanskrit,http://dbpedia.org/resource/Sanskrit,http://www.w3.org/2002/07/owl#sameAs,iso_code_P218,unique,approved
language,https://example.org/language/gd,gd,,http://www.wikidata.org/entity/Q9314,Scottish Gaelic,http://dbpedia.org/resource/Scottish_Gaelic,http://www.w3.org/2002/07/owl#sameAs,iso_code_P218,unique,approved
genre,https://example.org/genre/28,28,Action,http://www.wikidata.org/entity/Q188473,action film,http://dbpedia.org/resource/Action_film,http://www.w3.org/2004/02/skos/core#closeMatch,name_variant,unique,approved
genre,https://example.org/genre/12,12,Adventure,http://www.wikidata.org/entity/Q319221,adventure film,http://dbpedia.org/resource/Adventure_film,http://www.w3.org/2004/02/skos/core#closeMatch,name_variant,unique,approved
genre,https://example.org/genre/14,14,Fantasy,http://www.wikidata.org/entity/Q157394,fantasy film,http://dbpedia.org/resource/Fantasy_film,http://www.w3.org/2004/02/skos/core#closeMatch,name_variant,unique,approved
genre,https://example.org/genre/878,878,Science Fiction,http://www.wikidata.org/entity/Q471839,science fiction film,http://dbpedia.org/resource/Science_fiction_film,http://www.w3.org/2004/02/skos/core#closeMatch,name_variant,unique,approved
genre,https://example.org/genre/80,80,Crime,http://www.wikidata.org/entity/Q959790,crime film,http://dbpedia.org/resource/Crime_film,http://www.w3.org/2004/02/skos/core#closeMatch,name_variant,unique,approved
genre,https://example.org/genre/18,18,Drama,http://www.wikidata.org/entity/Q130232,drama film,http://dbpedia.org/resource/Drama_(film_and_television),http://www.w3.org/2004/02/skos/core#closeMatch,name_variant,unique,approved
genre,https://example.org/genre/53,53,Thriller,http://www.wikidata.org/entity/Q2484376,thriller film,http://dbpedia.org/resource/Thriller_film,http://www.w3.org/2004/02/skos/core#closeMatch,name_variant,unique,approved
genre,https://example.org/genre/16,16,Animation,http://www.wikidata.org/entity/Q202866,animated film,http://dbpedia.org/resource/Animated_film,http://www.w3.org/2004/02/skos/core#closeMatch,name_variant,unique,approved
genre,https://example.org/genre/10751,10751,Family,http://www.wikidata.org/entity/Q1361932,family film,http://dbpedia.org/resource/Family_film,http://www.w3.org/2004/02/skos/core#closeMatch,name_variant,unique,approved
genre,https://example.org/genre/37,37,Western,http://www.wikidata.org/entity/Q172980,Western film,http://dbpedia.org/resource/Western_film,http://www.w3.org/2004/02/skos/core#closeMatch,name_variant,unique,approved
genre,https://example.org/genre/35,35,Comedy,http://www.wikidata.org/entity/Q157443,comedy film,http://dbpedia.org/resource/Comedy_film,http://www.w3.org/2004/02/skos/core#closeMatch,name_variant,unique,approved
genre,https://example.org/genre/10749,10749,Romance,http://www.wikidata.org/entity/Q1054574,romance film,http://dbpedia.org/resource/Romance_film,http://www.w3.org/2004/02/skos/core#closeMatch,name_variant,unique,approved
genre,https://example.org/genre/27,27,Horror,http://www.wikidata.org/entity/Q200092,horror film,http://dbpedia.org/resource/Horror_film,http://www.w3.org/2004/02/skos/core#closeMatch,name_variant,unique,approved
genre,https://example.org/genre/9648,9648,Mystery,http://www.wikidata.org/entity/Q1200678,mystery film,http://dbpedia.org/resource/Mystery_film,http://www.w3.org/2004/02/skos/core#closeMatch,name_variant,unique,approved
