local_uri,tmdb_id,title,release_date,wikidata_uri,wikidata_label,wikidata_years,wikidata_imdb_id,dbpedia_uri,search_method,matched_by,score,status
https://example.org/movie/19995,19995,Avatar,2009-12-10,http://www.wikidata.org/entity/Q24871,Avatar,2009|2022,tt0499549,http://dbpedia.org/resource/Avatar_(2009_film),identifier,tmdb_id+release_year,1.00,approved
https://example.org/movie/285,285,Pirates of the Caribbean: At World's End,2007-05-19,http://www.wikidata.org/entity/Q54274,Pirates of the Caribbean: At World's End,2007,tt0449088,http://dbpedia.org/resource/Pirates_of_the_Caribbean:_At_World's_End,identifier,tmdb_id+release_year,1.00,approved
https://example.org/movie/206647,206647,Spectre,2015-10-26,http://www.wikidata.org/entity/Q18602670,Spectre,2015,tt2379713,http://dbpedia.org/resource/Spectre_(2015_film),identifier,tmdb_id+release_year,1.00,approved
https://example.org/movie/49026,49026,The Dark Knight Rises,2012-07-16,http://www.wikidata.org/entity/Q189330,The Dark Knight Rises,2012|2022,tt1345836,http://dbpedia.org/resource/The_Dark_Knight_Rises,identifier,tmdb_id+release_year,1.00,approved
https://example.org/movie/49529,49529,John Carter,2012-03-07,http://www.wikidata.org/entity/Q235347,John Carter,2012,tt0401729,http://dbpedia.org/resource/John_Carter_(film),identifier,tmdb_id+release_year,1.00,approved
https://example.org/movie/559,559,Spider-Man 3,2007-05-01,http://www.wikidata.org/entity/Q182212,Spider-Man 3,2007,tt0413300,http://dbpedia.org/resource/Spider-Man_3,identifier,tmdb_id+release_year,1.00,approved
https://example.org/movie/38757,38757,Tangled,2010-11-24,http://www.wikidata.org/entity/Q188439,Tangled,2010|2011,tt0398286,http://dbpedia.org/resource/Tangled,identifier,tmdb_id+release_year,1.00,approved
https://example.org/movie/99861,99861,Avengers: Age of Ultron,2015-04-22,http://www.wikidata.org/entity/Q14171368,Avengers: Age of Ultron,2015,tt2395427,http://dbpedia.org/resource/Avengers:_Age_of_Ultron,identifier,tmdb_id+release_year,1.00,approved
https://example.org/movie/767,767,Harry Potter and the Half-Blood Prince,2009-07-07,http://www.wikidata.org/entity/Q161687,Harry Potter and the Half-Blood Prince,2009,tt0417741,http://dbpedia.org/resource/Harry_Potter_and_the_Half-Blood_Prince_(film),identifier,tmdb_id+release_year,1.00,approved
https://example.org/movie/209112,209112,Batman v Superman: Dawn of Justice,2016-03-23,http://www.wikidata.org/entity/Q14772351,Batman v Superman: Dawn of Justice,2016,tt2975590,http://dbpedia.org/resource/Batman_v_Superman:_Dawn_of_Justice,identifier,tmdb_id+release_year,1.00,approved
https://example.org/movie/1452,1452,Superman Returns,2006-06-28,http://www.wikidata.org/entity/Q328695,Superman Returns,2006,tt0348150,http://dbpedia.org/resource/Superman_Returns,identifier,tmdb_id+release_year,1.00,approved
https://example.org/movie/10764,10764,Quantum of Solace,2008-10-30,http://www.wikidata.org/entity/Q181540,Quantum of Solace,2008,tt0830515,http://dbpedia.org/resource/Quantum_of_Solace,identifier,tmdb_id+release_year,1.00,approved
https://example.org/movie/58,58,Pirates of the Caribbean: Dead Man's Chest,2006-06-20,http://www.wikidata.org/entity/Q161087,Pirates of the Caribbean: Dead Man's Chest,2006,tt0383574,http://dbpedia.org/resource/Pirates_of_the_Caribbean:_Dead_Man's_Chest,identifier,tmdb_id+release_year,1.00,approved
https://example.org/movie/57201,57201,The Lone Ranger,2013-07-03,http://www.wikidata.org/entity/Q548919,The Lone Ranger,2013,tt1210819,http://dbpedia.org/resource/The_Lone_Ranger_(2013_film),identifier,tmdb_id+release_year,1.00,approved
https://example.org/movie/49521,49521,Man of Steel,2013-06-12,http://www.wikidata.org/entity/Q622769,Man of Steel,2013,tt0770828,http://dbpedia.org/resource/Man_of_Steel_(film),identifier,tmdb_id+release_year,1.00,approved
https://example.org/movie/2454,2454,The Chronicles of Narnia: Prince Caspian,2008-05-15,http://www.wikidata.org/entity/Q222023,The Chronicles of Narnia: Prince Caspian,2008,tt0499448,http://dbpedia.org/resource/The_Chronicles_of_Narnia:_Prince_Caspian,identifier,tmdb_id+release_year,1.00,approved
https://example.org/movie/24428,24428,The Avengers,2012-04-25,http://www.wikidata.org/entity/Q182218,The Avengers,2012,tt0848228,http://dbpedia.org/resource/The_Avengers_(2012_film),identifier,tmdb_id+release_year,1.00,approved
https://example.org/movie/1865,1865,Pirates of the Caribbean: On Stranger Tides,2011-05-14,http://www.wikidata.org/entity/Q183555,Pirates of the Caribbean: On Stranger Tides,2011,tt1298650,http://dbpedia.org/resource/Pirates_of_the_Caribbean:_On_Stranger_Tides,identifier,tmdb_id+release_year,1.00,approved
https://example.org/movie/41154,41154,Men in Black 3,2012-05-23,http://www.wikidata.org/entity/Q327713,Men in Black 3,2012,tt1409024,http://dbpedia.org/resource/Men_in_Black_3,identifier,tmdb_id+release_year,1.00,approved
https://example.org/movie/122917,122917,The Hobbit: The Battle of the Five Armies,2014-12-10,http://www.wikidata.org/entity/Q919649,The Hobbit: The Battle of the Five Armies,2014,tt2310332,http://dbpedia.org/resource/The_Hobbit:_The_Battle_of_the_Five_Armies,identifier,tmdb_id+release_year,1.00,approved
https://example.org/movie/1930,1930,The Amazing Spider-Man,2012-06-27,http://www.wikidata.org/entity/Q229808,The Amazing Spider-Man,2012|2014,tt0948470,http://dbpedia.org/resource/The_Amazing_Spider-Man_(film),identifier,tmdb_id+release_year,1.00,approved
https://example.org/movie/20662,20662,Robin Hood,2010-05-12,http://www.wikidata.org/entity/Q223559,Robin Hood,2010,tt0955308,http://dbpedia.org/resource/Robin_Hood_(2010_film),identifier,tmdb_id+release_year,1.00,approved
https://example.org/movie/57158,57158,The Hobbit: The Desolation of Smaug,2013-12-11,http://www.wikidata.org/entity/Q719915,The Hobbit: The Desolation of Smaug,2013,tt1170358,http://dbpedia.org/resource/The_Hobbit:_The_Desolation_of_Smaug,identifier,tmdb_id+release_year,1.00,approved
https://example.org/movie/2268,2268,The Golden Compass,2007-12-04,http://www.wikidata.org/entity/Q637021,The Golden Compass,2007,tt0385752,http://dbpedia.org/resource/The_Golden_Compass_(film),identifier,tmdb_id+release_year,1.00,approved
https://example.org/movie/254,254,King Kong,2005-12-14,http://www.wikidata.org/entity/Q160215,King Kong,2005,tt0360717,http://dbpedia.org/resource/King_Kong_(2005_film),identifier,tmdb_id+release_year,1.00,approved
https://example.org/movie/597,597,Titanic,1997-11-18,http://www.wikidata.org/entity/Q44578,Titanic,1997,tt0120338,http://dbpedia.org/resource/Titanic_(1997_film),identifier,tmdb_id+release_year,1.00,approved
https://example.org/movie/271110,271110,Captain America: Civil War,2016-04-27,http://www.wikidata.org/entity/Q18407657,Captain America: Civil War,2016,tt3498820,http://dbpedia.org/resource/Captain_America:_Civil_War,identifier,tmdb_id+release_year,1.00,approved
https://example.org/movie/44833,44833,Battleship,2012-04-11,http://www.wikidata.org/entity/Q474033,Battleship,2012,tt1440129,http://dbpedia.org/resource/Battleship_(film),identifier,tmdb_id+release_year,1.00,approved
https://example.org/movie/135397,135397,Jurassic World,2015-06-09,http://www.wikidata.org/entity/Q3512046,Jurassic World,2015,tt0369610,http://dbpedia.org/resource/Jurassic_World,identifier,tmdb_id+release_year,1.00,approved
https://example.org/movie/37724,37724,Skyfall,2012-10-25,http://www.wikidata.org/entity/Q4941,Skyfall,2012,tt1074638,http://dbpedia.org/resource/Skyfall,identifier,tmdb_id+release_year,1.00,approved
https://example.org/movie/558,558,Spider-Man 2,2004-06-25,http://www.wikidata.org/entity/Q190145,Spider-Man 2,2004,tt0316654,http://dbpedia.org/resource/Spider-Man_2,identifier,tmdb_id+release_year,1.00,approved
https://example.org/movie/68721,68721,Iron Man 3,2013-04-18,http://www.wikidata.org/entity/Q209538,Iron Man 3,2013,tt1300854,http://dbpedia.org/resource/Iron_Man_3,identifier,tmdb_id+release_year,1.00,approved
https://example.org/movie/12155,12155,Alice in Wonderland,2010-03-03,http://www.wikidata.org/entity/Q174385,Alice in Wonderland,2010,tt1014759,http://dbpedia.org/resource/Alice_in_Wonderland_(2010_film),identifier,tmdb_id+release_year,1.00,approved
https://example.org/movie/36668,36668,X-Men: The Last Stand,2006-05-24,http://www.wikidata.org/entity/Q221168,X-Men: The Last Stand,2006|2009,tt0376994,http://dbpedia.org/resource/X-Men:_The_Last_Stand,identifier,tmdb_id+release_year,1.00,approved
https://example.org/movie/62211,62211,Monsters University,2013-06-20,http://www.wikidata.org/entity/Q641362,Monsters University,2013,tt1453405,http://dbpedia.org/resource/Monsters_University,identifier,tmdb_id+release_year,1.00,approved
https://example.org/movie/8373,8373,Transformers: Revenge of the Fallen,2009-06-19,http://www.wikidata.org/entity/Q191100,Transformers: Revenge of the Fallen,2009,tt1055369,http://dbpedia.org/resource/Transformers:_Revenge_of_the_Fallen,identifier,tmdb_id+release_year,1.00,approved
https://example.org/movie/91314,91314,Transformers: Age of Extinction,2014-06-25,http://www.wikidata.org/entity/Q6151665,Transformers: Age of Extinction,2014,tt2109248,http://dbpedia.org/resource/Transformers:_Age_of_Extinction,identifier,tmdb_id+release_year,1.00,approved
https://example.org/movie/68728,68728,Oz: The Great and Powerful,2013-03-07,http://www.wikidata.org/entity/Q590216,Oz the Great and Powerful,2013,tt1623205,http://dbpedia.org/resource/Oz_the_Great_and_Powerful,identifier,tmdb_id+release_year,1.00,approved
https://example.org/movie/102382,102382,The Amazing Spider-Man 2,2014-04-16,http://www.wikidata.org/entity/Q4254026,The Amazing Spider-Man 2,2014,tt1872181,http://dbpedia.org/resource/The_Amazing_Spider-Man_2,identifier,tmdb_id+release_year,1.00,approved
https://example.org/movie/20526,20526,TRON: Legacy,2010-12-10,http://www.wikidata.org/entity/Q18954,Tron: Legacy,2010|2011,tt1104001,http://dbpedia.org/resource/Tron:_Legacy,identifier,tmdb_id+release_year,1.00,approved
https://example.org/movie/49013,49013,Cars 2,2011-06-11,http://www.wikidata.org/entity/Q192212,Cars 2,2011,tt1216475,http://dbpedia.org/resource/Cars_2,identifier,tmdb_id+release_year,1.00,approved
https://example.org/movie/44912,44912,Green Lantern,2011-06-16,http://www.wikidata.org/entity/Q903885,Green Lantern,2011,tt1133985,http://dbpedia.org/resource/Green_Lantern_(film),identifier,tmdb_id+release_year,1.00,approved
https://example.org/movie/10193,10193,Toy Story 3,2010-06-16,http://www.wikidata.org/entity/Q187278,Toy Story 3,2010,tt0435761,http://dbpedia.org/resource/Toy_Story_3,identifier,tmdb_id+release_year,1.00,approved
https://example.org/movie/534,534,Terminator Salvation,2009-05-20,http://www.wikidata.org/entity/Q191543,Terminator Salvation,2009,tt0438488,http://dbpedia.org/resource/Terminator_Salvation,identifier,tmdb_id+release_year,1.00,approved
https://example.org/movie/168259,168259,Furious 7,2015-04-01,http://www.wikidata.org/entity/Q14650496,Furious 7,2015,tt2820852,http://dbpedia.org/resource/Furious_7,identifier,tmdb_id+release_year,1.00,approved
https://example.org/movie/72190,72190,World War Z,2013-06-20,http://www.wikidata.org/entity/Q28196,World War Z,2013,tt0816711,http://dbpedia.org/resource/World_War_Z_(film),identifier,tmdb_id+release_year,1.00,approved
https://example.org/movie/127585,127585,X-Men: Days of Future Past,2014-05-15,http://www.wikidata.org/entity/Q4985891,X-Men: Days of Future Past,2014,tt1877832,http://dbpedia.org/resource/X-Men:_Days_of_Future_Past,identifier,tmdb_id+release_year,1.00,approved
https://example.org/movie/54138,54138,Star Trek Into Darkness,2013-05-05,http://www.wikidata.org/entity/Q171711,Star Trek Into Darkness,2013,tt1408101,http://dbpedia.org/resource/Star_Trek_Into_Darkness,identifier,tmdb_id+release_year,1.00,approved
https://example.org/movie/81005,81005,Jack the Giant Slayer,2013-02-27,http://www.wikidata.org/entity/Q27513,Jack the Giant Slayer,2013,tt1351685,http://dbpedia.org/resource/Jack_the_Giant_Slayer,identifier,tmdb_id+release_year,1.00,approved
https://example.org/movie/64682,64682,The Great Gatsby,2013-05-10,http://www.wikidata.org/entity/Q892735,The Great Gatsby,2013,tt1343092,http://dbpedia.org/resource/The_Great_Gatsby_(2013_film),identifier,tmdb_id+release_year,1.00,approved
https://example.org/movie/9543,9543,Prince of Persia: The Sands of Time,2010-05-19,http://www.wikidata.org/entity/Q245172,Prince of Persia: The Sands of Time,2010|2016,tt0473075,http://dbpedia.org/resource/Prince_of_Persia:_The_Sands_of_Time_(film),identifier,tmdb_id+release_year,1.00,approved
https://example.org/movie/68726,68726,Pacific Rim,2013-07-11,http://www.wikidata.org/entity/Q1388653,Pacific Rim,2013,tt1663662,http://dbpedia.org/resource/Pacific_Rim_(film),identifier,tmdb_id+release_year,1.00,approved
https://example.org/movie/38356,38356,Transformers: Dark of the Moon,2011-06-28,http://www.wikidata.org/entity/Q232774,Transformers: Dark of the Moon,2011,tt1399103,http://dbpedia.org/resource/Transformers:_Dark_of_the_Moon,identifier,tmdb_id+release_year,1.00,approved
https://example.org/movie/217,217,Indiana Jones and the Kingdom of the Crystal Skull,2008-05-21,http://www.wikidata.org/entity/Q182373,Indiana Jones and the Kingdom of the Crystal Skull,2008,tt0367882,http://dbpedia.org/resource/Indiana_Jones_and_the_Kingdom_of_the_Crystal_Skull,identifier,tmdb_id+release_year,1.00,approved
https://example.org/movie/105864,105864,The Good Dinosaur,2015-11-14,http://www.wikidata.org/entity/Q7737199,The Good Dinosaur,2015,tt1979388,http://dbpedia.org/resource/The_Good_Dinosaur,identifier,tmdb_id+release_year,1.00,approved
https://example.org/movie/62177,62177,Brave,2012-06-21,http://www.wikidata.org/entity/Q126796,Brave,2012,tt1217209,http://dbpedia.org/resource/Brave_(2012_film),identifier,tmdb_id+release_year,1.00,approved
https://example.org/movie/188927,188927,Star Trek Beyond,2016-07-07,http://www.wikidata.org/entity/Q15929448,Star Trek Beyond,2016,tt2660888,http://dbpedia.org/resource/Star_Trek_Beyond,identifier,tmdb_id+release_year,1.00,approved
https://example.org/movie/10681,10681,WALL·E,2008-06-22,http://www.wikidata.org/entity/Q104905,WALL-E,2008,tt0910970,http://dbpedia.org/resource/WALL-E,identifier,tmdb_id+release_year,1.00,approved
https://example.org/movie/5174,5174,Rush Hour 3,2007-08-08,http://www.wikidata.org/entity/Q498109,Rush Hour 3,2007,tt0293564,http://dbpedia.org/resource/Rush_Hour_3,identifier,tmdb_id+release_year,1.00,approved
https://example.org/movie/14161,14161,2012,2009-10-10,http://www.wikidata.org/entity/Q184605,2012,2009,tt1190080,http://dbpedia.org/resource/2012_(film),identifier,tmdb_id+release_year,1.00,approved
https://example.org/movie/17979,17979,A Christmas Carol,2009-11-04,http://www.wikidata.org/entity/Q86791,A Christmas Carol,2009,tt1067106,http://dbpedia.org/resource/A_Christmas_Carol_(2009_film),identifier,tmdb_id+release_year,1.00,approved
https://example.org/movie/76757,76757,Jupiter Ascending,2015-02-04,http://www.wikidata.org/entity/Q12125299,Jupiter Ascending,2015,tt1617661,http://dbpedia.org/resource/Jupiter_Ascending,identifier,tmdb_id+release_year,1.00,approved
https://example.org/movie/258489,258489,The Legend of Tarzan,2016-06-29,http://www.wikidata.org/entity/Q17361809,The Legend of Tarzan,2016,tt0918940,http://dbpedia.org/resource/The_Legend_of_Tarzan_(film),identifier,tmdb_id+release_year,1.00,approved
https://example.org/movie/411,411,"The Chronicles of Narnia: The Lion, the Witch and the Wardrobe",2005-12-07,http://www.wikidata.org/entity/Q485803,"The Chronicles of Narnia: The Lion, the Witch and the Wardrobe",2005,tt0363771,"http://dbpedia.org/resource/The_Chronicles_of_Narnia:_The_Lion,_the_Witch_and_the_Wardrobe",identifier,tmdb_id+release_year,1.00,approved
https://example.org/movie/246655,246655,X-Men: Apocalypse,2016-05-18,http://www.wikidata.org/entity/Q17042878,X-Men: Apocalypse,2016,tt3385516,http://dbpedia.org/resource/X-Men:_Apocalypse,identifier,tmdb_id+release_year,1.00,approved
https://example.org/movie/155,155,The Dark Knight,2008-07-16,http://www.wikidata.org/entity/Q163872,The Dark Knight,2008|2022,tt0468569,http://dbpedia.org/resource/The_Dark_Knight,identifier,tmdb_id+release_year,1.00,approved
https://example.org/movie/14160,14160,Up,2009-05-13,http://www.wikidata.org/entity/Q174811,Up,2009,tt1049413,http://dbpedia.org/resource/Up_(2009_film),identifier,tmdb_id+release_year,1.00,approved
https://example.org/movie/15512,15512,Monsters vs Aliens,2009-03-19,http://www.wikidata.org/entity/Q681918,Monsters vs. Aliens,2009,tt0892782,http://dbpedia.org/resource/Monsters_vs._Aliens,identifier,tmdb_id+release_year,1.00,approved
https://example.org/movie/1726,1726,Iron Man,2008-04-30,http://www.wikidata.org/entity/Q192724,Iron Man,2008,tt0371746,http://dbpedia.org/resource/Iron_Man_(2008_film),identifier,tmdb_id+release_year,1.00,approved
https://example.org/movie/44826,44826,Hugo,2011-11-22,http://www.wikidata.org/entity/Q206576,Hugo,2011|2012,tt0970179,http://dbpedia.org/resource/Hugo_(film),identifier,tmdb_id+release_year,1.00,approved
https://example.org/movie/8487,8487,Wild Wild West,1999-06-29,http://www.wikidata.org/entity/Q740528,Wild Wild West,1999,tt0120891,http://dbpedia.org/resource/Wild_Wild_West,identifier,tmdb_id+release_year,1.00,approved
https://example.org/movie/1735,1735,The Mummy: Tomb of the Dragon Emperor,2008-07-01,http://www.wikidata.org/entity/Q240713,The Mummy: Tomb of the Dragon Emperor,2008,tt0859163,http://dbpedia.org/resource/The_Mummy:_Tomb_of_the_Dragon_Emperor,identifier,tmdb_id+release_year,1.00,approved
https://example.org/movie/297761,297761,Suicide Squad,2016-08-02,http://www.wikidata.org/entity/Q18604504,Suicide Squad,2016,tt1386697,http://dbpedia.org/resource/Suicide_Squad_(2016_film),identifier,tmdb_id+release_year,1.00,approved
https://example.org/movie/2698,2698,Evan Almighty,2007-06-09,http://www.wikidata.org/entity/Q195949,Evan Almighty,2007|2008,tt0413099,http://dbpedia.org/resource/Evan_Almighty,identifier,tmdb_id+release_year,1.00,approved
https://example.org/movie/137113,137113,Edge of Tomorrow,2014-05-27,http://www.wikidata.org/entity/Q1187607,Edge of Tomorrow,2014,tt1631867,http://dbpedia.org/resource/Edge_of_Tomorrow,identifier,tmdb_id+release_year,1.00,approved
https://example.org/movie/9804,9804,Waterworld,1995-07-28,http://www.wikidata.org/entity/Q272595,Waterworld,1995,tt0114898,http://dbpedia.org/resource/Waterworld,identifier,tmdb_id+release_year,1.00,approved
https://example.org/movie/14869,14869,G.I. Joe: The Rise of Cobra,2009-08-04,http://www.wikidata.org/entity/Q288645,G.I. Joe: The Rise of Cobra,2009,tt1046173,http://dbpedia.org/resource/G.I._Joe:_The_Rise_of_Cobra,identifier,tmdb_id+release_year,1.00,approved
https://example.org/movie/150540,150540,Inside Out,2015-06-09,http://www.wikidata.org/entity/Q6144664,Inside Out,2015,tt2096673,http://dbpedia.org/resource/Inside_Out,identifier,tmdb_id+release_year,1.00,approved
https://example.org/movie/278927,278927,The Jungle Book,2016-04-07,http://www.wikidata.org/entity/Q16857406,The Jungle Book,2016,tt3040964,http://dbpedia.org/resource/The_Jungle_Book_(2016_film),identifier,tmdb_id+release_year,1.00,approved
https://example.org/movie/10138,10138,Iron Man 2,2010-04-28,http://www.wikidata.org/entity/Q205028,Iron Man 2,2010,tt1228705,http://dbpedia.org/resource/Iron_Man_2,identifier,tmdb_id+release_year,1.00,approved
https://example.org/movie/58595,58595,Snow White and the Huntsman,2012-05-30,http://www.wikidata.org/entity/Q624603,Snow White and the Huntsman,2012,tt1735898,http://dbpedia.org/resource/Snow_White_and_the_Huntsman,identifier,tmdb_id+release_year,1.00,approved
https://example.org/movie/102651,102651,Maleficent,2014-05-28,http://www.wikidata.org/entity/Q172271,Maleficent,2014,tt1587310,http://dbpedia.org/resource/Maleficent_(film),identifier,tmdb_id+release_year,1.00,approved
https://example.org/movie/119450,119450,Dawn of the Planet of the Apes,2014-06-26,http://www.wikidata.org/entity/Q11220194,Dawn of the Planet of the Apes,2014,tt2103281,http://dbpedia.org/resource/Dawn_of_the_Planet_of_the_Apes,identifier,tmdb_id+release_year,1.00,approved
https://example.org/movie/79698,79698,The Lovers,2015-02-13,http://www.wikidata.org/entity/Q172260,Singularity,2013,tt1321869,http://dbpedia.org/resource/The_Lovers_(2013_film),identifier,tmdb_id+release_year_mismatch,0.00,rejected
https://example.org/movie/64686,64686,47 Ronin,2013-12-06,http://www.wikidata.org/entity/Q2816898,47 Ronin,2013|2014,tt1335975,http://dbpedia.org/resource/47_Ronin_(2013_film),identifier,tmdb_id+release_year,1.00,approved
https://example.org/movie/100402,100402,Captain America: The Winter Soldier,2014-03-20,http://www.wikidata.org/entity/Q1765358,Captain America: The Winter Soldier,2014,tt1843866,http://dbpedia.org/resource/Captain_America:_The_Winter_Soldier,identifier,tmdb_id+release_year,1.00,approved
https://example.org/movie/10192,10192,Shrek Forever After,2010-05-16,http://www.wikidata.org/entity/Q208131,Shrek Forever After,2010,tt0892791,http://dbpedia.org/resource/Shrek_Forever_After,identifier,tmdb_id+release_year,1.00,approved
https://example.org/movie/158852,158852,Tomorrowland,2015-05-19,http://www.wikidata.org/entity/Q7820305,Tomorrowland,2015,tt1964418,http://dbpedia.org/resource/Tomorrowland_(film),identifier,tmdb_id+release_year,1.00,approved
https://example.org/movie/177572,177572,Big Hero 6,2014-10-24,http://www.wikidata.org/entity/Q13091172,Big Hero 6,2014|2015,tt2245084,http://dbpedia.org/resource/Big_Hero_6_(film),identifier,tmdb_id+release_year,1.00,approved
https://example.org/movie/82690,82690,Wreck-It Ralph,2012-11-01,http://www.wikidata.org/entity/Q28891,Wreck-It Ralph,2012|2013,tt1772341,http://dbpedia.org/resource/Wreck-It_Ralph,identifier,tmdb_id+release_year,1.00,approved
https://example.org/movie/5255,5255,The Polar Express,2004-11-10,http://www.wikidata.org/entity/Q862197,The Polar Express,2004,tt0338348,http://dbpedia.org/resource/The_Polar_Express_(film),identifier,tmdb_id+release_year,1.00,approved
https://example.org/movie/47933,47933,Independence Day: Resurgence,2016-06-22,http://www.wikidata.org/entity/Q19614711,Independence Day: Resurgence,2016,tt1628841,http://dbpedia.org/resource/Independence_Day:_Resurgence,identifier,tmdb_id+release_year,1.00,approved
https://example.org/movie/10191,10191,How to Train Your Dragon,2010-03-05,http://www.wikidata.org/entity/Q373096,How to Train Your Dragon,2010,tt0892769,http://dbpedia.org/resource/How_to_Train_Your_Dragon_(2010_film),identifier,tmdb_id+release_year,1.00,approved
https://example.org/movie/296,296,Terminator 3: Rise of the Machines,2003-07-02,http://www.wikidata.org/entity/Q29054009,Terminator 3: Rise of the Machines,2003,tt0181852,http://dbpedia.org/resource/Terminator_3:_Rise_of_the_Machines,identifier,tmdb_id+release_year,1.00,approved
https://example.org/movie/118340,118340,Guardians of the Galaxy,2014-07-30,http://www.wikidata.org/entity/Q5887360,Guardians of the Galaxy,2014,tt2015381,http://dbpedia.org/resource/Guardians_of_the_Galaxy_(film),identifier,tmdb_id+release_year,1.00,approved
https://example.org/movie/157336,157336,Interstellar,2014-11-05,http://www.wikidata.org/entity/Q13417189,Interstellar,2014|2025,tt0816692,http://dbpedia.org/resource/Interstellar_(film),identifier,tmdb_id+release_year,1.00,approved
https://example.org/movie/27205,27205,Inception,2010-07-14,http://www.wikidata.org/entity/Q25188,Inception,2010,tt1375666,http://dbpedia.org/resource/Inception,identifier,tmdb_id+release_year,1.00,approved
https://example.org/movie/315011,315011,Shin Godzilla,2016-07-29,http://www.wikidata.org/entity/Q20899737,Shin Godzilla,2016|2017,tt4262980,http://dbpedia.org/resource/Shin_Godzilla,identifier,tmdb_id+release_year,1.00,approved
https://example.org/movie/49051,49051,The Hobbit: An Unexpected Journey,2012-11-26,http://www.wikidata.org/entity/Q80379,The Hobbit: An Unexpected Journey,2012,tt0903624,http://dbpedia.org/resource/The_Hobbit:_An_Unexpected_Journey,identifier,tmdb_id+release_year,1.00,approved
https://example.org/movie/9799,9799,The Fast and the Furious,2001-06-22,http://www.wikidata.org/entity/Q155476,The Fast and the Furious,2001,tt0232500,http://dbpedia.org/resource/The_Fast_and_the_Furious_(2001_film),identifier,tmdb_id+release_year,1.00,approved
