movie_id,person_id,person_name,character,order,credit_id
19995,65731,Sam Worthington,Jake Sully,0,5602a8a7c3a3685532001c9a
19995,8691,Zoe Saldana,Neytiri,1,52fe48009251416c750ac9cb
19995,10205,Sigourney Weaver,Dr. Grace Augustine,2,52fe48009251416c750aca39
19995,32747,Stephen Lang,Col. Quaritch,3,52fe48009251416c750ac9cf
19995,17647,Michelle Rodriguez,Trudy Chacon,4,52fe48009251416c750ac9d3
19995,1771,Giovanni Ribisi,Selfridge,5,52fe48009251416c750ac9e1
19995,59231,Joel David Moore,Norm Spellman,6,52fe48009251416c750ac9dd
19995,30485,CCH Pounder,Moat,7,52fe48009251416c750ac9e5
19995,15853,Wes Studi,Eytukan,8,52fe48009251416c750ac9ed
19995,10964,Laz Alonso,Tsu'Tey,9,52fe48009251416c750ac9e9
285,85,Johnny Depp,Captain Jack Sparrow,0,52fe4232c3a36847f800b50d
285,114,Orlando Bloom,Will Turner,1,52fe4232c3a36847f800b511
285,116,Keira Knightley,Elizabeth Swann,2,52fe4232c3a36847f800b515
285,1640,Stellan Skarsgård,"William ""Bootstrap Bill"" Turner",3,52fe4232c3a36847f800b52d
285,1619,Chow Yun-fat,Captain Sao Feng,4,52fe4232c3a36847f800b525
285,2440,Bill Nighy,Captain Davy Jones,5,52fe4232c3a36847f800b521
285,118,Geoffrey Rush,Captain Hector Barbossa,6,52fe4232c3a36847f800b519
285,1709,Jack Davenport,Admiral James Norrington,7,52fe4232c3a36847f800b535
285,2449,Kevin McNally,Joshamee Gibbs,8,52fe4232c3a36847f800b531
285,2441,Tom Hollander,Lord Cutler Beckett,9,52fe4232c3a36847f800b529
206647,8784,Daniel Craig,James Bond,0,52fe4d22c3a368484e1d8d6b
206647,27319,Christoph Waltz,Blofeld,1,54805866c3a36829ab002592
206647,121529,Léa Seydoux,Madeleine,2,546f934fc3a3682f9a002ca5
206647,5469,Ralph Fiennes,M,3,53e86503c3a368399c0031f0
206647,28782,Monica Bellucci,Lucia,4,54805920c3a36829ae0022c5
206647,17064,Ben Whishaw,Q,5,52fe4d22c3a368484e1d8d87
206647,2038,Naomie Harris,Moneypenny,6,53e8650cc3a368399c0031f4
206647,543530,Dave Bautista,Hinx,7,5480590f9251416e7b0022f4
206647,125660,Andrew Scott,C,8,548058ffc3a36829a7002511
206647,139549,Rory Kinnear,Tanner,9,5480593cc3a36829ae0022ca
49026,3894,Christian Bale,Bruce Wayne / Batman,0,52fe4781c3a36847f8139869
49026,3895,Michael Caine,Alfred Pennyworth,1,52fe4781c3a36847f8139881
49026,64,Gary Oldman,James Gordon,2,52fe4781c3a36847f8139875
49026,1813,Anne Hathaway,Selina Kyle / Catwoman,3,52fe4781c3a36847f813986d
49026,2524,Tom Hardy,Bane,4,52fe4781c3a36847f8139871
49026,8293,Marion Cotillard,Miranda Tate,5,52fe4781c3a36847f813988d
49026,24045,Joseph Gordon-Levitt,Blake,6,52fe4781c3a36847f8139879
49026,192,Morgan Freeman,Lucius Fox,7,52fe4781c3a36847f813987d
49026,2037,Cillian Murphy,Dr. Jonathan Crane / Scarecrow,8,52fe4781c3a36847f8139939
49026,36594,Juno Temple,Jen,9,52fe4781c3a36847f8139885
49529,60900,Taylor Kitsch,John Carter,0,52fe479ac3a36847f813ea75
49529,21044,Lynn Collins,Dejah Thoris,1,52fe479ac3a36847f813eab3
49529,2206,Samantha Morton,Sola,2,52fe479ac3a36847f813ea79
49529,5293,Willem Dafoe,Tars Tarkas,3,52fe479ac3a36847f813ea6d
49529,19159,Thomas Haden Church,Tal Hajus,4,52fe479ac3a36847f813ea7d
49529,2983,Mark Strong,Matai Shang,5,52fe479ac3a36847f813ea69
49529,8785,Ciarán Hinds,Tardos Mors,6,52fe479ac3a36847f813ea71
49529,17287,Dominic West,Sab Than,7,52fe479ac3a36847f813ea81
49529,17648,James Purefoy,Kantos Kan,8,52fe479ac3a36847f813ea85
49529,17419,Bryan Cranston,Powell,9,52fe479ac3a36847f813ea89
559,2219,Tobey Maguire,Peter Parker / Spider-Man,0,52fe4252c3a36847f80151c7
559,205,Kirsten Dunst,Mary Jane Watson,1,52fe4252c3a36847f801514f
559,17051,James Franco,Harry Osborn / New Goblin,2,52fe4252c3a36847f80151db
559,19159,Thomas Haden Church,Flint Marko / Sandman,3,52fe4252c3a36847f80151df
559,17052,Topher Grace,Eddie Brock / Venom,4,52fe4252c3a36847f80151e3
559,18997,Bryce Dallas Howard,Gwen Stacey,5,52fe4252c3a36847f8015153
559,18998,Rosemary Harris,May Parker,6,52fe4252c3a36847f80151cb
559,2505,James Cromwell,Captain Stacey,7,52fe4252c3a36847f8015157
559,18999,J.K. Simmons,J. Jonah Jameson,8,52fe4252c3a36847f801515b
559,9207,Theresa Russell,Mrs. Marko,9,52fe4252c3a36847f801516d
38757,69899,Zachary Levi,Flynn Rider (voice),0,530d35bf9251411435001765
38757,16855,Mandy Moore,Rapunzel (voice),1,530d35a2925141141e0017ff
38757,2517,Donna Murphy,Mother Gothel (voice),2,530d35d4925141141e001802
38757,2372,Ron Perlman,Stabbington Brother (voice),3,530d35e59251411421001835
38757,22132,M.C. Gainey,Captain of the Guard (voice),4,53254b82c3a36824b500886a
38757,4175,Jeffrey Tambor,Big Nose Thug (voice),5,530d3624925141142400188e
38757,18,Brad Garrett,Hook Hand Thug (voice),6,530d363e92514114310017d7
38757,1219029,Paul F. Tompkins,Short Thug (voice),7,533539b8c3a3680a1e003e08
38757,10460,Richard Kiel,Vlad (voice),8,530d36b0c3a3685c0c001aad
38757,1273208,Delaney Rose Stein,Young Rapunzel / Little Girl (voice),9,530d3712c3a3685bee001acb
99861,3223,Robert Downey Jr.,Tony Stark / Iron Man,0,55e256d292514162cd000e40
99861,74568,Chris Hemsworth,Thor Odinson,1,52fe4a449251416c750e3455
99861,103,Mark Ruffalo,Bruce Banner / Hulk,2,52fe4a449251416c750e3471
99861,16828,Chris Evans,Steve Rogers / Captain America,3,52fe4a449251416c750e3465
99861,1245,Scarlett Johansson,Natasha Romanoff / Black Widow,4,52fe4a449251416c750e345d
99861,17604,Jeremy Renner,Clint Barton / Hawkeye,5,52fe4a449251416c750e3461
99861,13548,James Spader,Ultron (voice),6,52fe4a449251416c750e3485
99861,2231,Samuel L. Jackson,Nick Fury,7,52fe4a449251416c750e346d
99861,1896,Don Cheadle,James Rhodes / War Machine,8,537d37710e0a2624c300005c
99861,27428,Aaron Taylor-Johnson,Pietro Maximoff / Quicksilver,9,52fe4a449251416c750e348d
767,10980,Daniel Radcliffe,Harry Potter,0,52fe4273c3a36847f801fa73
767,10989,Rupert Grint,Ron Weasley,1,52fe4273c3a36847f801fa6f
767,10990,Emma Watson,Hermione Granger,2,52fe4273c3a36847f801fa6b
767,10993,Tom Felton,Draco Malfoy,3,52fe4273c3a36847f801fa77
767,5658,Michael Gambon,Albus Dumbledore,4,52fe4273c3a36847f801fb09
767,388,Jim Broadbent,Horace Slughorn,5,52fe4273c3a36847f801fafd
767,1283,Helena Bonham Carter,Bellatrix Lestrange,6,52fe4273c3a36847f801fb2d
767,1923,Robbie Coltrane,Rubeus Hagrid,7,52fe4273c3a36847f801fb05
767,10978,Maggie Smith,Minerva McGonagall,8,52fe4273c3a36847f801fb0d
767,4566,Alan Rickman,Severus Snape,9,52fe4273c3a36847f801fb11
209112,880,Ben Affleck,Bruce Wayne / Batman,0,52fe4d5bc3a368484e1e4c65
209112,73968,Henry Cavill,Clark Kent / Superman,1,52fe4d5bc3a368484e1e4c55
209112,90633,Gal Gadot,Diana Prince / Wonder Woman,2,52fe4d5bc3a368484e1e4c69
209112,9273,Amy Adams,Lois Lane,3,52fe4d5bc3a368484e1e4c59
209112,44735,Jesse Eisenberg,Lex Luthor,4,52fe4d5bc3a368484e1e4c79
209112,2882,Diane Lane,Martha Kent,5,52fe4d5bc3a368484e1e4c61
209112,16940,Jeremy Irons,Alfred Pennyworth,6,52fe4d5bc3a368484e1e4c7d
209112,2975,Laurence Fishburne,Perry White,7,52fe4d5bc3a368484e1e4c5d
209112,18686,Holly Hunter,Senator Finch,8,533d9aeec3a36878ed0035ec
209112,59233,Scoot McNairy,Wallace Keefe,9,53ac7a9a0e0a26598600036e
1452,17271,Brandon Routh,Superman / Clark Kent,0,52fe42f8c3a36847f8030b65
1452,1979,Kevin Spacey,Lex Luthor,1,52fe42f8c3a36847f8030b61
1452,7517,Kate Bosworth,Lois Lane,2,52fe42f8c3a36847f8030b69
1452,11006,James Marsden,Richard White,3,52fe42f8c3a36847f8030b8b
1452,7489,Parker Posey,Kitty Kowalski,4,52fe42f8c3a36847f8030b8f
1452,8924,Frank Langella,Perry White,5,52fe42f8c3a36847f8030b93
1452,53492,Sam Huntington,Jimmy Olsen,6,52fe42f8c3a36847f8030b97
1452,2639,Eva Marie Saint,Martha Kent,7,52fe42f8c3a36847f8030b9b
1452,3084,Marlon Brando,Jor-El,8,52fe42f8c3a36847f8030b9f
1452,53493,Kal Penn,Stanford,9,52fe42f8c3a36847f8030ba3
10764,8784,Daniel Craig,James Bond,0,52fe43b29251416c7501aa5d
10764,18182,Olga Kurylenko,Camille Montes,1,52fe43b29251416c7501aab5
10764,8789,Mathieu Amalric,Dominic Greene,2,52fe43b29251416c7501aab9
10764,5309,Judi Dench,M,3,52fe43b29251416c7501aabd
10764,3753,Giancarlo Giannini,René Mathis,4,52fe43b29251416c7501aac1
10764,59620,Gemma Arterton,Strawberry Fields,5,52fe43b39251416c7501aac5
10764,2954,Jeffrey Wright,Felix Leiter,6,52fe43b39251416c7501aac9
10764,35029,David Harbour,Gregg Beam,7,52fe43b39251416c7501aacd
10764,2244,Jesper Christensen,Mr. White,8,52fe43b39251416c7501aad1
10764,62892,Anatole Taubman,Elvis,9,52fe43b39251416c7501aad5
58,85,Johnny Depp,Captain Jack Sparrow,0,52fe4212c3a36847f80018c3
58,114,Orlando Bloom,Will Turner,1,52fe4211c3a36847f8001823
58,116,Keira Knightley,Elizabeth Swann,2,52fe4211c3a36847f800181f
58,1640,Stellan Skarsgård,"William ""Bootstrap Bill"" Turner",3,52fe4211c3a36847f8001835
58,2440,Bill Nighy,Captain Davy Jones,4,52fe4211c3a36847f8001831
58,1709,Jack Davenport,James Norrington,5,52fe4211c3a36847f8001827
58,2449,Kevin McNally,Joshamee Gibbs,6,52fe4212c3a36847f800189f
58,378,Jonathan Pryce,Governor Weatherby Swann,7,52fe4212c3a36847f80018bf
58,1710,Lee Arenberg,Pintel,8,52fe4212c3a36847f80018a3
58,1711,Mackenzie Crook,Ragetti,9,52fe4212c3a36847f80018a7
57201,85,Johnny Depp,Tonto,0,52fe4928c3a36847f818be99
57201,53807,Armie Hammer,John Reid / The Lone Ranger,1,52fe4928c3a36847f818be9d
57201,886,William Fichtner,Butch Cavendish,2,52fe4928c3a36847f818bead
57201,1283,Helena Bonham Carter,Red Harrington,3,52fe4928c3a36847f818bea9
57201,18473,James Badge Dale,Dan Reid,4,52fe4928c3a36847f818bea1
57201,207,Tom Wilkinson,Latham Cole,5,52fe4928c3a36847f818bea5
57201,47720,Ruth Wilson,Rebecca Reid,6,52fe4928c3a36847f818bebd
57201,12834,Barry Pepper,Captain Jay Fuller,7,52fe4928c3a36847f818beb1
57201,22063,James Frain,Barret,8,52fe4928c3a36847f818beb5
57201,583040,Mason Cook,Will,9,52fe4928c3a36847f818beb9
49521,73968,Henry Cavill,Clark Kent / Kal-El,0,52fe4799c3a36847f813e605
49521,9273,Amy Adams,Lois Lane,1,52fe4799c3a36847f813e609
49521,335,Michael Shannon,General Zod,2,52fe4799c3a36847f813e61b
49521,1269,Kevin Costner,Jonathan Kent,3,52fe4799c3a36847f813e61f
49521,2882,Diane Lane,Martha Kent,4,52fe4799c3a36847f813e60d
49521,934,Russell Crowe,Jor-El,5,52fe4799c3a36847f813e617
49521,2975,Laurence Fishburne,Perry White,6,52fe4799c3a36847f813e627
49521,43202,Antje Traue,Faora-Ul,7,52fe4799c3a36847f813e637
49521,22227,Christopher Meloni,Colonel Hardy,8,52fe4799c3a36847f813e623
49521,213049,Jadin Gould,Lana Lang,9,52fe4799c3a36847f813e62b
2454,25130,Ben Barnes,Prince Caspian,0,52fe4358c3a36847f804d6ad
2454,5528,William Moseley,Peter Pevensie,1,52fe4358c3a36847f804d6b5
2454,5529,Anna Popplewell,Susan Pevensie,2,52fe4358c3a36847f804d6b9
2454,5527,Skandar Keynes,Edmund Pevensie,3,52fe4359c3a36847f804d757
2454,5526,Georgie Henley,Lucy Pevensie,4,52fe4358c3a36847f804d6b1
2454,2166,Sergio Castellitto,King Miraz,5,52fe4358c3a36847f804d6bd
2454,25132,Alicia Borrachero,Queen Prunaprismia,6,52fe4358c3a36847f804d6c1
2454,22970,Peter Dinklage,Trumpkin,7,52fe4358c3a36847f804d6c5
2454,11184,Warwick Davis,Nikabrik,8,52fe4359c3a36847f804d6c9
2454,25133,Vincent Grass,Doktor Cornelius,9,52fe4359c3a36847f804d6cd
24428,3223,Robert Downey Jr.,Tony Stark / Iron Man,0,52fe4495c3a368484e02b251
24428,16828,Chris Evans,Steve Rogers / Captain America,1,52fe4495c3a368484e02b19b
24428,103,Mark Ruffalo,Bruce Banner / The Hulk,2,52fe4495c3a368484e02b221
24428,74568,Chris Hemsworth,Thor Odinson,3,52fe4495c3a368484e02b1a5
24428,1245,Scarlett Johansson,Natasha Romanoff / Black Widow,4,52fe4495c3a368484e02b229
24428,17604,Jeremy Renner,Clint Barton / Hawkeye,5,52fe4495c3a368484e02b225
24428,91606,Tom Hiddleston,Loki,6,52fe4495c3a368484e02b22d
24428,9048,Clark Gregg,Agent Phil Coulson,7,52fe4495c3a368484e02b239
24428,71189,Cobie Smulders,Agent Maria Hill,8,52fe4495c3a368484e02b235
24428,1640,Stellan Skarsgård,Erik Selvig,9,52fe4495c3a368484e02b241
1865,85,Johnny Depp,Captain Jack Sparrow,0,52fe431cc3a36847f803af13
1865,955,Penélope Cruz,Angelica Teach,1,52fe431cc3a36847f803aef5
1865,6972,Ian McShane,"Captain Edward ""Blackbeard"" Teach",2,52fe431cc3a36847f803aed9
1865,2449,Kevin McNally,Joshamee Gibbs,3,52fe431cc3a36847f803af09
1865,118,Geoffrey Rush,Captain Hector Barbossa,4,52fe431cc3a36847f803aef9
1865,237455,Sam Claflin,Philip Swift,5,52fe431cc3a36847f803af2d
1865,469759,Astrid Bergès-Frisbey,Syrena,6,52fe431cc3a36847f803af29
1865,1115,Stephen Graham,Scrum,7,52fe431cc3a36847f803af05
1865,4031,Greg Ellis,Lieutenant Theodore Groves,8,57e28555c3a3681aa10053dc
1865,1712,Damian O'Hare,Lieutenant Gillette,9,537a1e8dc3a3681cc100003f
41154,2888,Will Smith,Agent J,0,52fe45b7c3a36847f80d6875
41154,2176,Tommy Lee Jones,Agent K,1,52fe45b7c3a36847f80d6879
41154,16851,Josh Brolin,Young Agent K,2,52fe45b7c3a36847f80d687d
41154,72873,Michael Stuhlbarg,Griffin,3,52fe45b7c3a36847f80d68a9
41154,7056,Emma Thompson,Agent O,4,52fe45b7c3a36847f80d6893
41154,55936,Jemaine Clement,Boris The Animal,5,52fe45b7c3a36847f80d6901
41154,151246,Nicole Scherzinger,Boris's Girlfriend,6,52fe45b7c3a36847f80d6897
41154,59860,Alice Eve,Young Agent O,7,52fe45b7c3a36847f80d68a1
41154,19278,Bill Hader,Andy Warhol,8,52fe45b7c3a36847f80d68a5
41154,87070,Michael Chernus,Jeffrey Price,9,52fe45b7c3a36847f80d6905
122917,7060,Martin Freeman,Bilbo Baggins,0,52fe4a87c3a368484e158b93
122917,1327,Ian McKellen,Gandalf,1,52fe4a87c3a368484e158bb7
122917,30315,Richard Armitage,Thorin Oakenshield,2,52fe4a87c3a368484e158bab
122917,25136,Ken Stott,Balin,3,52fe4a88c3a368484e158bdf
122917,95047,Graham McTavish,Dwalin,4,52fe4a87c3a368484e158bd3
122917,67123,William Kircher,Bifur,5,52fe4a88c3a368484e158bf3
122917,34715,James Nesbitt,Bofur,6,52fe4a87c3a368484e158bcf
122917,1193834,Stephen Hunter,Bombur,7,52fe4a88c3a368484e158bf7
122917,152566,Dean O'Gorman,Fili,8,52fe4a87c3a368484e158b73
122917,207558,Aidan Turner,Kili,9,52fe4a87c3a368484e158bbb
1930,37625,Andrew Garfield,Peter Parker / Spider-Man,0,531325d5c3a368299b0040db
1930,54693,Emma Stone,Gwen Stacy,1,531325e8c3a36829ef003f5b
1930,7026,Rhys Ifans,Dr. Curt Connors / The Lizard,2,53132617c3a3682a10003f35
1930,5724,Denis Leary,Captain Stacy,3,53132630c3a3682a02003f68
1930,55152,Campbell Scott,Richard Parker,4,5362ad880e0a261df80003b3
1930,76793,Irrfan Khan,Rajit Ratha,5,53132647c3a368299b0040e8
1930,8349,Martin Sheen,Uncle Ben,6,530d345a9251411428001777
1930,35,Sally Field,Aunt May,7,530d34679251411444001685
1930,558928,Max Charles,Peter Parker (Age 4),8,5362addc0e0a261e1600036b
1930,231547,Chris Zylka,Flash Thompson,9,5362add10e0a261e06000379
20662,934,Russell Crowe,Robin Longstride,0,52fe43f2c3a368484e007699
20662,112,Cate Blanchett,Marion Loxley,1,52fe43f2c3a368484e00769d
20662,2201,Max von Sydow,Sir Walter Loxley,2,52fe43f2c3a368484e0076dd
20662,227,William Hurt,William Marshal,3,52fe43f2c3a368484e0076d9
20662,2983,Mark Strong,Godfrey,4,52fe43f2c3a368484e0076d5
20662,25072,Oscar Isaac,Prince John,5,52fe43f2c3a368484e0076e1
20662,6413,Danny Huston,King Richard the Lionheart,6,52fe43f2c3a368484e0076e9
20662,20300,Eileen Atkins,Eleanor of Aquitaine,7,5409f78e0e0a262b49000574
20662,13633,Mark Addy,Friar Tuck,8,52fe43f2c3a368484e0076e5
20662,15576,Matthew Macfadyen,Sheriff of Nottingham,9,52fe43f2c3a368484e0076a1
57158,7060,Martin Freeman,Bilbo Baggins,0,52fe4926c3a36847f818b775
57158,1327,Ian McKellen,Gandalf,1,52fe4926c3a36847f818b779
57158,30315,Richard Armitage,Thorin Oakenshield,2,52fe4926c3a36847f818b7c9
57158,25136,Ken Stott,Balin,3,52fe4926c3a36847f818b7e9
57158,95047,Graham McTavish,Dwalin,4,52fe4926c3a36847f818b7ed
57158,67123,William Kircher,Bifur,5,52fe4926c3a36847f818b7e1
57158,34715,James Nesbitt,Bofur,6,52fe4926c3a36847f818b7f1
57158,1193834,Stephen Hunter,Bombur,7,52fe4926c3a36847f818b7dd
57158,152566,Dean O'Gorman,Fili,8,52fe4926c3a36847f818b7b5
57158,207558,Aidan Turner,Kili,9,52fe4926c3a36847f818b7e5
2268,45589,Dakota Blue Richards,Lyra Belacqua,0,52fe4348c3a36847f80486af
2268,2227,Nicole Kidman,Marisa Coulter,1,52fe4348c3a36847f8048651
2268,8784,Daniel Craig,Lord Asriel,2,52fe4348c3a36847f8048655
2268,16431,Sam Elliott,Lee Scoresby,3,52fe4348c3a36847f804865d
2268,10912,Eva Green,Serafina Pekkala,4,52fe4348c3a36847f8048659
2268,1281,Freddie Highmore,Pantalaimon (voice),5,52fe4348c3a36847f80486b7
2268,1327,Ian McKellen,Iorek Byrnison (voice),6,52fe4348c3a36847f80486b3
2268,45585,Ben Walker,Roger Parslow,7,52fe4348c3a36847f8048697
2268,6972,Ian McShane,Ragnar Sturlusson (voice),8,52fe4348c3a36847f8048661
2268,5470,Kristin Scott Thomas,Stelmania (voice),9,52fe4348c3a36847f80486cf
254,3489,Naomi Watts,Ann Darrow,0,52fe422ec3a36847f800a19f
254,70851,Jack Black,Carl Denham,1,52fe422ec3a36847f800a1a3
254,3490,Adrien Brody,Jack Driscoll,2,52fe422ec3a36847f800a1a7
254,3491,Thomas Kretschmann,Captain Englehorn,3,52fe422ec3a36847f800a1ab
254,3492,Colin Hanks,Preston,4,52fe422ec3a36847f800a1af
254,1333,Andy Serkis,Kong / Lumpy,5,52fe422ec3a36847f800a1b3
254,3493,Evan Parke,Hayes,6,52fe422ec3a36847f800a1b7
254,478,Jamie Bell,Jimmy,7,52fe422ec3a36847f800a1bb
254,3494,Lobo Chan,Choy,8,52fe422ec3a36847f800a1bf
254,3495,John Sumner,Herb,9,52fe422ec3a36847f800a1c3
597,204,Kate Winslet,Rose DeWitt Bukater,0,52fe425ac3a36847f80179cb
597,6193,Leonardo DiCaprio,Jack Dawson,1,52fe425ac3a36847f80179cf
597,3713,Frances Fisher,Ruth Dewitt Bukater,2,52fe425ac3a36847f80179d3
597,1954,Billy Zane,Caledon 'Cal' Hockley,3,52fe425ac3a36847f80179d7
597,8534,Kathy Bates,Molly Brown,4,52fe425ac3a36847f80179db
597,8535,Gloria Stuart,Old Rose,5,52fe425ac3a36847f80179df
597,2053,Bill Paxton,Brock Lovett,6,52fe425ac3a36847f80179e3
597,1369,Bernard Hill,Captain Edward James Smith,7,52fe425ac3a36847f80179e7
597,2076,David Warner,Spicer Lovejoy,8,52fe425ac3a36847f80179eb
597,8536,Victor Garber,Thomas Andrews,9,52fe425ac3a36847f80179ef
271110,16828,Chris Evans,Steve Rogers / Captain America,0,543ecb490e0a2667450001db
271110,3223,Robert Downey Jr.,Tony Stark / Iron Man,1,543ecb5fc3a3684fe90001a9
271110,1245,Scarlett Johansson,Natasha Romanoff / Black Widow,2,54b95becc3a3686c6800520e
271110,60898,Sebastian Stan,Bucky Barnes / Winter Soldier,3,54b95c039251411d77004980
271110,53650,Anthony Mackie,Sam Wilson / Falcon,4,54ce33afc3a3687f92005096
271110,1896,Don Cheadle,Lieutenant James Rhodes / War Machine,5,554ba7adc3a3685e630024fe
271110,17604,Jeremy Renner,Clint Barton / Hawkeye,6,54fadad59251417b26001187
271110,172069,Chadwick Boseman,T'Challa / Black Panther,7,544fe6eec3a368023c0024b7
271110,6162,Paul Bettany,Vision,8,554ba79cc3a3685e5800278d
271110,550843,Elizabeth Olsen,Wanda Maximoff / Scarlet Witch,9,553a2e6ac3a3684022001284
44833,60900,Taylor Kitsch,Lieutenant Alex Hopper,0,52fe469ec3a36847f8108ccb
44833,28846,Alexander Skarsgård,Commander Stone Hopper,1,52fe469ec3a36847f8108cd7
44833,131519,Rihanna,Petty Officer Cora 'Weps' Raikes,2,52fe469ec3a36847f8108ccf
44833,131520,Brooklyn Decker,Sam,3,52fe469ec3a36847f8108cd3
44833,13275,Tadanobu Asano,Captain Yugi Nagata,4,52fe469ec3a36847f8108d1b
44833,3896,Liam Neeson,Admiral Shane,5,52fe469ec3a36847f8108cdb
44833,1052162,Gregory D. Gadson,Lieutenant Colonel Mick Canales,6,539f697ac3a3682820000da6
44833,184581,Hamish Linklater,Cal Zapata,7,52fe469ec3a36847f8108d63
44833,88124,Jesse Plemons,"Boatswain Mate Seaman Jimmy ""Ordy"" Ord",8,52fe469ec3a36847f8108d17
44833,205406,John Tui,"Chief Petty Officer Walter ""The Beast"" Lynch",9,52fe469ec3a36847f8108d67
135397,73457,Chris Pratt,Owen Grady,0,5311015a9251410fe600151d
135397,18997,Bryce Dallas Howard,Claire Dearing,1,53110162925141104200157d
135397,76793,Irrfan Khan,Simon Masrani,2,531101a3925141104d00157b
135397,7132,Vincent D'Onofrio,Vic Hoskins,3,5311013992514110350014e9
135397,1108907,Nick Robinson,Zach Mitchell,4,5311018d925141102a001455
135397,17181,Ty Simpkins,Gray Mitchell,5,5311019592514110130014ee
135397,543505,Jake Johnson,Lowery Cruthers,6,5311017492514110130014ec
135397,78423,Omar Sy,Barry,7,532c5dc3c3a3686f010000b3
135397,14592,BD Wong,Henry Wu,8,5333d111c3a3682abb0017bc
135397,20750,Judy Greer,Karen Mitchell,9,533ed723c3a36870880000fe
37724,8784,Daniel Craig,James Bond,0,52fe46689251416c91053743
37724,5309,Judi Dench,M,1,52fe46689251416c91053783
37724,3810,Javier Bardem,Silva,2,52fe46689251416c91053759
37724,5469,Ralph Fiennes,Gareth Mallory / M,3,52fe46689251416c9105375d
37724,2038,Naomie Harris,Eve,4,52fe46689251416c91053765
37724,1030261,Bérénice Marlohe,Sévérine,5,52fe46689251416c9105376d
37724,3926,Albert Finney,Kincade,6,52fe46689251416c91053761
37724,17064,Ben Whishaw,Q,7,52fe46689251416c91053771
37724,139549,Rory Kinnear,Bill Tanner,8,52fe46689251416c91053779
37724,11045,Ola Rapace,Patrice,9,52fe46689251416c91053775
558,2219,Tobey Maguire,Peter Parker / Spider-Man,0,52fe4252c3a36847f801509f
558,205,Kirsten Dunst,Mary Jane Watson,1,52fe4252c3a36847f80150af
558,17051,James Franco,Harry Osborn,2,52fe4252c3a36847f80150b3
558,658,Alfred Molina,Dr. Otto Octavius / Doctor Octopus,3,52fe4252c3a36847f801508b
558,18998,Rosemary Harris,May Parker,4,52fe4252c3a36847f80150a7
558,2517,Donna Murphy,Rosalie Octavius,5,52fe4252c3a36847f801506b
558,18999,J.K. Simmons,J. Jonah Jameson,6,52fe4252c3a36847f8015067
558,19154,Daniel Gillies,John Jameson,7,52fe4252c3a36847f801508f
558,19152,Dylan Baker,Dr. Curt Connors,8,52fe4252c3a36847f801506f
558,5293,Willem Dafoe,Norman Osborn / Green Goblin,9,52fe4252c3a36847f8015093
68721,3223,Robert Downey Jr.,Tony Stark / Iron Man,0,52fe47a0c3a368484e0d15ff
68721,12052,Gwyneth Paltrow,"Virginia ""Pepper"" Potts",1,52fe479fc3a368484e0d157b
68721,1896,Don Cheadle,"Colonel James "" Rhodey"" Rhodes",2,52fe479fc3a368484e0d157f
68721,529,Guy Pearce,Aldrich Killian / The Mandarin,3,52fe47a0c3a368484e0d15eb
68721,15556,Rebecca Hall,Maya Hansen,4,52fe479fc3a368484e0d158b
68721,15277,Jon Favreau,Happy Hogan,5,52fe479fc3a368484e0d158f
68721,2282,Ben Kingsley,Trevor Slattery,6,52fe479fc3a368484e0d1583
68721,18473,James Badge Dale,Savin,7,52fe47a0c3a368484e0d1597
68721,121953,Stephanie Szostak,Brandt,8,52fe47a0c3a368484e0d15e7
68721,6162,Paul Bettany,Jarvis (voice),9,52fe479fc3a368484e0d1587
12155,76070,Mia Wasikowska,Alice Kingsleigh,0,52fe44c09251416c7503fb2d
12155,85,Johnny Depp,The Mad Hatter,1,52fe44c09251416c7503fb35
12155,1813,Anne Hathaway,The White Queen,2,52fe44c09251416c7503fb21
12155,1283,Helena Bonham Carter,The Red Queen,3,52fe44c09251416c7503fb25
12155,1064,Crispin Glover,The Knave of Hearts,4,52fe44c09251416c7503fb29
12155,20982,Marton Csokas,Charles Kingsleigh,5,52fe44c09251416c7503fb31
12155,30083,Lindsay Duncan,Helen Kingsleigh,6,52fe44c09251416c7503fb3d
12155,26209,Matt Lucas,Tweedledee / Tweedledum,7,52fe44c09251416c7503fb39
12155,11855,Geraldine James,Lady Ascot,8,578d352f9251416a2f002ab3
12155,11276,Tim Pigott-Smith,Lord Ascot,9,52fe44c09251416c7503fb41
36668,6968,Hugh Jackman,Logan / Wolverine,0,52fe45ff9251416c910459eb
36668,4587,Halle Berry,Ororo Munroe / Storm,1,52fe45ff9251416c910459ef
36668,1327,Ian McKellen,Eric Lehnsherr / Magneto,2,52fe45ff9251416c910459f3
36668,2387,Patrick Stewart,Charles Xavier / Professor X,3,52fe45ff9251416c910459f7
36668,10696,Famke Janssen,Jean Grey / Phoenix,4,52fe45ff9251416c910459fb
36668,10690,Anna Paquin,Marie D'Ancanto / Rogue,5,52fe45ff9251416c910459ff
36668,7090,Kelsey Grammer,Dr. Henry 'Hank' McCoy / Beast,6,52fe45ff9251416c91045a03
36668,11023,Shawn Ashmore,Bobby Drake / Iceman,7,52fe45ff9251416c91045a0f
36668,11022,Aaron Stanford,John Allerdyce / Pyro,8,52fe45ff9251416c91045a13
36668,27578,Ellen Page,"Katherine ""Kitty"" Pryde / Shadowcat",9,52fe45ff9251416c91045a1b
62211,7904,Billy Crystal,"Michael ""Mike"" Wazowski (voice)",0,52fe4675c3a368484e091dcd
62211,1230,John Goodman,"James P. ""Sulley"" Sullivan (voice)",1,52fe4675c3a368484e091dc9
62211,884,Steve Buscemi,Randall Boggs (voice),2,52fe4675c3a368484e091dc5
62211,15735,Helen Mirren,Dean Hardscrabble (voice),3,52fe4675c3a368484e091dd7
62211,1271300,Noah Johnston,Young Mike (voice),4,52fe4675c3a368484e091e35
62211,21198,Peter Sohn,Scott “Squishy” Squibbles (voice),5,52fe4675c3a368484e091e19
62211,155649,Joel Murray,Don Carlton (voice),6,52fe4675c3a368484e091e15
62211,52601,Sean Hayes,Terri Perry (voice),7,52fe4675c3a368484e091dfd
62211,21290,Dave Foley,Terry Perry (voice),8,52fe4675c3a368484e091df9
62211,95101,Charlie Day,Art (voice),9,52fe4675c3a368484e091ded
8373,10959,Shia LaBeouf,Sam Witwicky,0,52fe44a3c3a36847f80a19f3
8373,19537,Megan Fox,Mikaela Banes,1,52fe44a3c3a36847f80a19f7
8373,19536,Josh Duhamel,Captain Lennox,2,52fe44a3c3a36847f80a19fb
8373,11678,Rainn Wilson,College Professor,3,52fe44a3c3a36847f80a19ff
8373,8169,Tyrese Gibson,USAF Tech Sergeant Epps,4,52fe44a3c3a36847f80a1a03
8373,1241,John Turturro,Agent Simmons,5,52fe44a3c3a36847f80a1a07
8373,14721,Kevin Dunn,Ron Witwicky,6,52fe44a3c3a36847f80a1a1d
8373,24305,Julie White,Judy Witwicky,7,52fe44a3c3a36847f80a1a21
8373,72985,Ramón Rodríguez,Leo Spitz,8,52fe44a3c3a36847f80a1a25
8373,103554,Isabel Lucas,Alice,9,52fe44a3c3a36847f80a1a29
91314,13240,Mark Wahlberg,Cade Yeager,0,52fe48cc9251416c750b3ad1
91314,2283,Stanley Tucci,Joshua,1,52fe48cc9251416c750b3ad9
91314,7090,Kelsey Grammer,Harold Attinger,2,5379f470c3a368553a005bbc
91314,61186,Nicola Peltz,Tessa Yeager,3,52fe48cc9251416c750b3ad5
91314,1007683,Jack Reynor,Shane,4,52fe48cc9251416c750b3ae7
91314,39389,Titus Welliver,Savoy,5,52fe48cc9251416c750b3aef
91314,3971,Sophia Myles,Darcy,6,52fe48cc9251416c750b3ae3
91314,109432,Li Bingbing,Su Yueming,7,52fe48cc9251416c750b3aeb
91314,51990,T.J. Miller,Lucas Flannery,8,54c71eb8c3a36874ac000f0c
91314,204100,James Bachman,Gill Wembley,9,58bd76a4c3a3680df800219b
68728,17051,James Franco,Oz,0,52fe47a1c3a368484e0d19e5
68728,18973,Mila Kunis,Theodora,1,52fe47a1c3a368484e0d19e1
68728,3293,Rachel Weisz,Evanora,2,52fe47a1c3a368484e0d19dd
68728,1812,Michelle Williams,Annie / Glinda,3,52fe47a1c3a368484e0d19e9
68728,5367,Zach Braff,Frank / Finley,4,52fe47a1c3a368484e0d19ed
68728,8854,Bill Cobbs,Master Tinker,5,52fe47a1c3a368484e0d19f1
68728,125025,Joey King,Girl in Wheelchair / China Girl,6,52fe47a1c3a368484e0d19f5
68728,19754,Tony Cox,Knuck,7,52fe47a1c3a368484e0d19f9
68728,224723,Stephen R. Hart,Winkie General,8,52fe47a1c3a368484e0d19fd
68728,123725,Abigail Spencer,May,9,52fe47a1c3a368484e0d1a01
102382,37625,Andrew Garfield,Peter Parker / Spider-Man,0,52fe4a07c3a36847f81b477b
102382,54693,Emma Stone,Gwen Stacy,1,52fe4a07c3a36847f81b4777
102382,134,Jamie Foxx,Max Dillon / Electro,2,52fe4a07c3a36847f81b4783
102382,122889,Dane DeHaan,Harry Osborn / Green Goblin,3,52fe4a07c3a36847f81b477f
102382,55152,Campbell Scott,Richard Parker,4,5362ab130e0a261dfe000318
102382,6368,Embeth Davidtz,Mary Parker,5,5339838b9251417da1004a01
102382,10132,Colm Feore,Donald Menken,6,52fe4a07c3a36847f81b4793
102382,13242,Paul Giamatti,Aleksei Sytsevich / The Rhino (Uncredited),7,581ee7b4c3a3685faa000b9e
102382,35,Sally Field,Aunt May,8,52fe4a07c3a36847f81b47d3
102382,558928,Max Charles,Young Peter Parker,9,5362ab600e0a261e0600033f
20526,9828,Garrett Hedlund,Sam Flynn,0,52fe43ebc3a368484e005d19
20526,1229,Jeff Bridges,Kevin Flynn / Clu,1,52fe43ebc3a368484e005cfd
20526,59315,Olivia Wilde,Quorra,2,52fe43eac3a368484e005c81
20526,2547,Bruce Boxleitner,Alan Bradley / Tron,3,52fe43ebc3a368484e005d05
20526,60033,Yaya DaCosta,Siren,4,52fe43eac3a368484e005cd9
20526,86268,Serinda Swan,Siren,5,52fe43eac3a368484e005cdd
20526,20403,Beau Garrett,Gem,6,52fe43eac3a368484e005ce5
20526,130108,Elizabeth Mathis,Siren,7,52fe43ebc3a368484e005cf9
20526,22063,James Frain,Jarvis,8,52fe43eac3a368484e005ce1
20526,86269,Amy Esterle,Young Mrs. Flynn,9,52fe43ebc3a368484e005ce9
49013,887,Owen Wilson,Lightning McQueen (voice),0,52fe477fc3a36847f813927b
49013,15897,Larry the Cable Guy,Mater (voice),1,52fe4780c3a36847f813929b
49013,3895,Michael Caine,Finn McMissile (voice),2,52fe477fc3a36847f813927f
49013,1246,Emily Mortimer,Holley Shiftwell (voice),3,52fe477fc3a36847f8139283
49013,1241,John Turturro,Francesco Bernoulli (voice),4,52fe4780c3a36847f81392eb
49013,1926,Eddie Izzard,Sir Miles Axlerod (voice),5,52fe4780c3a36847f81392e7
49013,3491,Thomas Kretschmann,Professor Z (voice),6,52fe4780c3a36847f81392f7
49013,3266,Joe Mantegna,Grem (voice),7,52fe4780c3a36847f81392f3
49013,31514,Peter Jacobson,Acer (voice),8,52fe4780c3a36847f813931b
49013,11357,Bruce Campbell,"Rod ""Torque"" Redline (voice)",9,550dd11d9251414691006826
44912,10859,Ryan Reynolds,Hal Jordan / Green Lantern,0,52fe46a3c3a36847f8109e9d
44912,59175,Blake Lively,Carol Ferris,1,52fe46a3c3a36847f8109ea1
44912,133,Peter Sarsgaard,Hector Hammond,2,52fe46a3c3a36847f8109ea5
44912,504,Tim Robbins,Senator Hammond,3,52fe46a3c3a36847f8109ea9
44912,2983,Mark Strong,Sinestro,4,52fe46a3c3a36847f8109ead
44912,7242,Temuera Morrison,Abin Sur,5,52fe46a3c3a36847f8109eb1
44912,109942,Jenna Craig,Carol Ferris at 11,6,52fe46a3c3a36847f8109eb5
44912,4602,Jon Tenney,Martin Jordan,7,52fe46a3c3a36847f8109eb9
44912,27107,Mike Doyle,Jack Jordan,8,52fe46a3c3a36847f8109ebd
44912,147719,NicK Jandl,Jim Jordan,9,52fe46a3c3a36847f8109ec1
10193,31,Tom Hanks,Woody (voice),0,52fe433f9251416c7500915d
10193,12898,Tim Allen,Buzz Lightyear (voice),1,52fe433f9251416c75009169
10193,13726,Ned Beatty,Lotso (voice),2,52fe433f9251416c75009185
10193,3234,Joan Cusack,Jessie the Yodeling Cowgirl (voice),3,52fe433f9251416c75009165
10193,2232,Michael Keaton,Ken (voice),4,52fe433f9251416c75009161
10193,2395,Whoopi Goldberg,Stretch the Octopus (voice),5,52fe433f9251416c7500916d
10193,5149,Bonnie Hunt,Purple-haired doll (voice),6,52fe433f9251416c75009171
10193,12900,Wallace Shawn,Rex (voice),7,52fe433f9251416c75009181
10193,7907,John Ratzenberger,Hamm (voice),8,52fe433f9251416c75009175
10193,7167,Don Rickles,Mr. Potato Head (voice),9,52fe433f9251416c75009179
534,3894,Christian Bale,John Connor,0,52fe424ec3a36847f8013ff7
534,65731,Sam Worthington,Marcus Wright,1,52fe424ec3a36847f8013fcd
534,21028,Anton Yelchin,Kyle Reese,2,52fe424ec3a36847f8013fc1
534,56455,Moon Bloodgood,Blair Williams,3,52fe424ec3a36847f8013fd1
534,18997,Bryce Dallas Howard,Kate Connor,4,52fe424ec3a36847f8013fef
534,1283,Helena Bonham Carter,Serena,5,52fe424ec3a36847f8013fc5
534,4238,Common,Barnes,6,52fe424ec3a36847f8013fc9
534,76542,Roland Kickinger,Prototype T-800,7,52fe424ec3a36847f8013fd5
534,11086,Michael Ironside,General Ashdown,8,52fe424ec3a36847f8013fd9
534,13724,Jane Alexander,Virginia,9,52fe424ec3a36847f8013fdd
168259,12835,Vin Diesel,Dominic Toretto,0,5431dfd10e0a265915002c34
168259,8167,Paul Walker,Brian O'Conner,1,5431dfe4c3a3681143002b98
168259,18918,Dwayne Johnson,Hobbs,2,5431dfdbc3a36831a6004376
168259,17647,Michelle Rodriguez,Letty,3,5431dfeec3a36811ef002c75
168259,8169,Tyrese Gibson,Roman,4,5431e0310e0a2656e2002c95
168259,8171,Ludacris,Tej (as Chris 'Ludacris' Bridges),5,5431e0520e0a2658b2002c3c
168259,22123,Jordana Brewster,Mia,6,5431e00dc3a36811ef002c7e
168259,938,Djimon Hounsou,Jakande,7,5431e015c3a36831a90040da
168259,57207,Tony Jaa,Kiet,8,5431e04a0e0a26464300432c
168259,997887,Ronda Rousey,Kara,9,5431dff40e0a2646490043fa
72190,287,Brad Pitt,Gerry Lane,0,52fe485dc3a368484e0f5061
72190,175826,Mireille Enos,Karen Lane,1,52fe485dc3a368484e0f5065
72190,1027850,Abigail Hargrove,Rachel Lane,2,52fe485dc3a368484e0f5075
72190,1186840,Sterling Jerins,Constance Lane,3,55893f3ac3a3682210000bf2
72190,18473,James Badge Dale,Captain Speke,4,52fe485dc3a368484e0f5069
72190,78050,Elyes Gabel,Andrew Fassbach,5,52fe485dc3a368484e0f506d
72190,7219,David Andrews,Navy Captain Mullenaro,6,52fe485dc3a368484e0f5071
72190,1180907,Daniella Kertesz,Segen,7,52fe485dc3a368484e0f5079
72190,119297,Ludi Boeken,Jurgen Warmbrunn,8,52fe485dc3a368484e0f507d
72190,2607,Fana Mokoena,Thierry Umutoni,9,52fe485dc3a368484e0f5085
127585,6968,Hugh Jackman,Logan / Wolverine,0,52fe4affc3a368484e172013
127585,5530,James McAvoy,Charles Xavier / Professor X (Young),1,52fe4affc3a368484e171fff
127585,17288,Michael Fassbender,Erik Lehnsherr / Magneto (Young),2,52fe4affc3a368484e172003
127585,72129,Jennifer Lawrence,Raven Darkholme / Mystique,3,52fe4affc3a368484e17200b
127585,4587,Halle Berry,Ororo Munroe / Storm,4,52fe4affc3a368484e172027
127585,10690,Anna Paquin,Marie D'Ancanto / Rogue,5,5383be87c3a36805950093d6
127585,27578,Ellen Page,"Katherine ""Kitty"" Pryde / Shadowcat",6,52fe4affc3a368484e17201b
127585,22970,Peter Dinklage,Bolivar Trask,7,52fe4affc3a368484e172023
127585,1327,Ian McKellen,Erik Lehnsherr / Magneto (Old),8,52fe4affc3a368484e172007
127585,2387,Patrick Stewart,Charles Xavier / Professor X (Old),9,52fe4affc3a368484e171ffb
54138,62064,Chris Pine,James T. Kirk,0,52fe488dc3a36847f816d779
54138,17306,Zachary Quinto,Spock,1,52fe488dc3a36847f816d785
54138,8691,Zoe Saldana,Nyota Uhura,2,52fe488dc3a36847f816d775
54138,1372,Karl Urban,Dr. Leonard 'Bones' McCoy,3,52fe488dc3a36847f816d7ab
54138,11108,Simon Pegg,Montgomery 'Scotty' Scott,4,52fe488dc3a36847f816d77d
54138,68842,John Cho,Hikaru Sulu,5,52fe488dc3a36847f816d789
54138,71580,Benedict Cumberbatch,Khan Noonien Singh,6,52fe488dc3a36847f816d7c5
54138,21028,Anton Yelchin,Pavel Chekov,7,52fe488dc3a36847f816d781
54138,21089,Bruce Greenwood,Christopher Pike,8,52fe488dc3a36847f816d7c1
54138,27811,Peter Weller,Alexander Marcus,9,52fe488dc3a36847f816d7e3
81005,3292,Nicholas Hoult,Jack,0,52fe47ef9251416c9107aa2f
81005,73357,Eleanor Tomlinson,Princess Isabelle,1,52fe47ef9251416c9107aa4b
81005,3061,Ewan McGregor,Elmont,2,52fe47ef9251416c9107aa2b
81005,2283,Stanley Tucci,Roderick,3,52fe47ef9251416c9107aa33
81005,6972,Ian McShane,King Brahmwell,4,52fe47ef9251416c9107aa3f
81005,1665,Eddie Marsan,Crawe,5,52fe47ef9251416c9107aa47
81005,1125,Ewen Bremner,Wicke,6,52fe47ef9251416c9107aa43
81005,11184,Warwick Davis,Old Hamm,7,52fe47ef9251416c9107aa37
81005,2440,Bill Nighy,General Fallon,8,52fe47ef9251416c9107aa3b
81005,53916,Ralph Brown,General Entin,9,52fe47ef9251416c9107aa4f
64682,6193,Leonardo DiCaprio,Jay Gatsby,0,52fe46e3c3a368484e0a9783
64682,2219,Tobey Maguire,Nick Carraway,1,52fe46e3c3a368484e0a978f
64682,36662,Carey Mulligan,Daisy Buchanan,2,52fe46e3c3a368484e0a9787
64682,33192,Joel Edgerton,Tom Buchanan,3,52fe46e3c3a368484e0a979b
64682,1133349,Elizabeth Debicki,Jordan Baker,4,52fe46e3c3a368484e0a9793
64682,52848,Isla Fisher,Myrtle Wilson,5,52fe46e3c3a368484e0a978b
64682,76512,Jason Clarke,George Wilson,6,52fe46e3c3a368484e0a9797
64682,35780,Amitabh Bachchan,Meyer Wolfsheim,7,52fe46e3c3a368484e0a97e5
64682,236851,Callan McAuliffe,Teen Jay Gatsby,8,52fe46e3c3a368484e0a97b1
64682,205474,Adelaide Clemens,Catherine,9,52fe46e3c3a368484e0a97e9
9543,131,Jake Gyllenhaal,Prince Dastan,0,52fe4507c3a36847f80b80e5
9543,59620,Gemma Arterton,Tamina,1,52fe4507c3a36847f80b80d7
9543,2282,Ben Kingsley,Nizam,1,52fe4507c3a36847f80b80ed
9543,658,Alfred Molina,Sheik Amar,2,52fe4507c3a36847f80b80e1
9543,55412,Steve Toussaint,Seso,3,52fe4507c3a36847f80b80e9
9543,20286,Toby Kebbell,Garsiv,4,52fe4507c3a36847f80b80f1
9543,52890,Richard Coyle,Tus,5,52fe4507c3a36847f80b80f5
9543,32556,Ronald Pickup,King Sharaman,6,52fe4507c3a36847f80b80f9
9543,54810,Reece Ritchie,Bis,7,530903f1925141111a002288
9543,587354,Gísli Örn Garðarsson,Hassansin Leader,8,5309047e92514111140022c5
68726,17605,Idris Elba,Stacker Pentecost,0,52fe47a0c3a368484e0d1845
68726,56365,Charlie Hunnam,Raleigh Becket,1,52fe47a0c3a368484e0d1849
68726,95101,Charlie Day,Dr. Newton Geiszler,2,52fe47a0c3a368484e0d184d
68726,2372,Ron Perlman,Hannibal Chau,3,52fe47a0c3a368484e0d1857
68726,39659,Burn Gorman,Gottlieb,4,52fe47a0c3a368484e0d185b
68726,18054,Rinko Kikuchi,Mako Mori,5,52fe47a0c3a368484e0d185f
68726,94864,Max Martini,Herc Hansen,6,52fe47a0c3a368484e0d1863
68726,112692,Robert Maillet,Aleksis Kaidanovsky,7,52fe47a0c3a368484e0d1867
68726,1038379,Robert Kazinsky,Chuck Hansen,8,52fe47a0c3a368484e0d186b
68726,118590,Larry Joe Campbell,Tommy T,9,52fe47a0c3a368484e0d186f
38356,10959,Shia LaBeouf,Sam Witwicky,0,52fe46af9251416c9105c5f5
38356,6949,John Malkovich,Bruce Brazos,1,52fe46af9251416c9105c5f9
38356,83586,Ken Jeong,Jerry Wang,2,52fe46af9251416c9105c5fd
38356,3910,Frances McDormand,National Intelligence Director,3,52fe46af9251416c9105c601
38356,19536,Josh Duhamel,Lt. Colonel William Lennox,4,52fe46af9251416c9105c605
38356,8169,Tyrese Gibson,Robert Epps,5,52fe46af9251416c9105c609
38356,1331,Hugo Weaving,Megatron (voice),6,52fe46af9251416c9105c60d
38356,1749,Leonard Nimoy,Sentinel Prime (voice),7,52fe46af9251416c9105c611
38356,1241,John Turturro,Simmons,8,52fe46af9251416c9105c615
38356,236048,Rosie Huntington-Whiteley,Carly,9,52fe46af9251416c9105c619
217,3,Harrison Ford,Indiana Jones,0,52fe4227c3a36847f8008477
217,112,Cate Blanchett,Irina Spalko,1,52fe4228c3a36847f8008499
217,10959,Shia LaBeouf,Mutt Williams,2,52fe4228c3a36847f800849d
217,5538,Ray Winstone,'Mac' George Michale,3,52fe4228c3a36847f80084a1
217,650,Karen Allen,Marion Ravenwood,4,52fe4228c3a36847f80084a5
217,5049,John Hurt,Professor Oxley,5,52fe4228c3a36847f80084a9
217,388,Jim Broadbent,Dean Charles Stanforth,6,52fe4228c3a36847f80084ad
217,36218,Andrew Divoff,Russian Soldier,7,52fe4228c3a36847f80084b1
217,52761,Igor Jijikine,Dovchenko,8,52fe4228c3a36847f80084b5
217,52762,Pavel Lychnikoff,Russian Soldier,9,52fe4228c3a36847f80084b9
105864,963134,Raymond Ochoa,Arlo (voice),0,557c3441c3a3686328001d2f
105864,1476748,Jack Bright,Spot (voice),1,557c348092514153a40017e9
105864,2954,Jeffrey Wright,Poppa (voice),2,557c3460c3a368632b00188d
105864,3910,Frances McDormand,Momma (voice),3,557c3470c3a368631d001a83
105864,1540680,Maleah Nipay-Padilla,Young Libby (voice),4,56553466c3a3681982000efb
105864,1540681,Ryan Teeple,Young Buck (voice),5,56553470c3a3681996000fdc
105864,1540682,Jack McGraw,Young Arlo (voice),6,5655347a9251410198000f75
105864,1348591,Marcus Scribner,Buck (voice),7,557c3535c3a368631d001a8d
105864,21198,Peter Sohn,Forrest Woodbush (voice),8,565534a2c3a368198d000f62
105864,18324,Steve Zahn,Thunderclap (voice),9,565534b4c3a3681982000f17
62177,9015,Kelly Macdonald,Mérida (voice),0,52fe4674c3a368484e0918ef
62177,477,Julie Walters,The Witch (voice),1,52fe4674c3a368484e0918f3
62177,9188,Billy Connolly,King Fergus (voice),2,52fe4674c3a368484e0918f7
62177,7056,Emma Thompson,Queen Elinor (voice),3,52fe4674c3a368484e0918fb
62177,9013,Kevin McKidd,Lord MacGuffin / Young MacGuffin (voice),4,52fe4674c3a368484e0918ff
62177,24264,Craig Ferguson,Lord Macintosh (voice),5,52fe4674c3a368484e091903
62177,1923,Robbie Coltrane,Lord Dingwall (voice),6,52fe4674c3a368484e091907
62177,1113604,Peigi Barker,Young Merida (voice),7,52fe4674c3a368484e091947
62177,1102427,Steven Cree,Young Macintosh (voice),8,52fe4674c3a368484e09194b
62177,137262,Steve Purcell,The Crow (voice),9,53a6f15f0e0a26143f004176
188927,62064,Chris Pine,James T. Kirk,0,54d9f3e0c3a3687aa900124a
188927,17306,Zachary Quinto,Spock,1,54d9f3ea9251410a4b0015bd
188927,1372,Karl Urban,Dr. Leonard 'Bones' McCoy,2,54d9f3f29251410a3f0012aa
188927,11108,Simon Pegg,Montgomery 'Scotty' Scott,3,55927cc1c3a36877410007cd
188927,8691,Zoe Saldana,Nyota Uhura,4,54d9f3d99251410a450014e6
188927,68842,John Cho,Hikaru Sulu,5,55927cdd9251415df8000739
188927,21028,Anton Yelchin,Pavel Chekov,6,54d9f3f8c3a3687abe00158d
188927,568657,Sofia Boutella,Jaylah,7,55927cf7c3a368775a000773
188927,17605,Idris Elba,Krall,8,55927cea92514152d500081e
188927,592496,Joe Taslim,Manas/Anderson Le,9,55bbd4ecc3a3686526000504
10681,670,Ben Burtt,WALL·E / M-O (voice),0,52fe43a29251416c75018111
10681,72754,Elissa Knight,EVE (voice),1,52fe43a29251416c75018115
10681,60074,Jeff Garlin,Captain (voice),2,52fe43a29251416c75018119
10681,20753,Fred Willard,"Shelby Forthright, BnL CEO",3,52fe43a29251416c7501811d
10681,7907,John Ratzenberger,John (voice),4,53c61bc6c3a3686251001af8
10681,11074,Kathy Najimy,Mary (voice),6,5587d7c49251415aa900050f
10681,117081,Teresa Ganzel,(voice),7,5587d7dc9251411e8d0063cc
10681,35159,Laraine Newman,Axiom Passenger (voice),8,5587d7f0c3a368274c006b36
10681,72755,MacInTalk,AUTO (voice),9,561be27a9251415a6e0017f1
10681,59357,Teddy Newton,Steward Bots (voice),10,561be2ad9251415a67001bd1
5174,66,Chris Tucker,Det. James Carter,0,52fe43fac3a36847f807b565
5174,18897,Jackie Chan,Chief Insp. Lee,1,52fe43fac3a36847f807b569
5174,9195,Hiroyuki Sanada,Kenji,2,52fe43fac3a36847f807b56d
5174,2201,Max von Sydow,Varden Reynard,3,52fe43fac3a36847f807b571
5174,2245,Yvan Attal,George,4,52fe43fac3a36847f807b575
5174,3556,Roman Polanski,Det. Revi,5,52fe43fac3a36847f807b579
5174,41894,Zhang Jingchu,Soo Yung,6,52fe43fac3a36847f807b57d
5174,4492,Philip Baker Hall,Capt. William Diel,7,52fe43fac3a36847f807b581
5174,145633,Noémie Lenoir,Genevieve,8,52fe43fac3a36847f807b5e5
5174,164945,Sarah Shahi,Zoe (uncredited),9,52fe43fac3a36847f807b5e9
14161,3036,John Cusack,Jackson Curtis,0,52fe45d29251416c75063953
14161,2956,Amanda Peet,Kate Curtis,1,52fe45d29251416c75063957
14161,5294,Chiwetel Ejiofor,Adrian Helmsley,2,52fe45d29251416c7506395b
14161,9030,Thandie Newton,Laura Wilson,3,52fe45d29251416c75063969
14161,17485,Oliver Platt,Carl Anheuser,4,52fe45d29251416c7506397d
14161,17867,Tom McCarthy,Dr. Gordon Silberman,5,52fe45d29251416c75063979
14161,57755,Woody Harrelson,Charlie Frost,6,52fe45d29251416c7506396d
14161,2047,Danny Glover,President Wilson,7,52fe45d29251416c7506395f
14161,83852,Liam James,Noah Curtis,8,52fe45d29251416c75063971
14161,74227,Morgan Lily,Lilly Curtis,9,52fe45d29251416c75063975
17979,64,Gary Oldman,"Tiny Tim, Bob Cratchit, Marley",0,52fe47589251416c7509600d
17979,206,Jim Carrey,"Ebenezer Scrooge, Ghost of Christmas Past, Ghost of Christmas Present, Ghost of Christmas Yet To Come",1,52fe47589251416c75096011
17979,78311,Steve Valentine,Funerary Undertaker / Topper,2,52fe47589251416c75096021
17979,57675,Daryl Sabara,Undertaker's Apprentice / Tattered Caroler / Beggar Boy / Peter Cratchit / Well-Dressed Caroler,3,52fe47589251416c75096025
17979,558926,Sage Ryan,Tattered Caroler,4,52fe47589251416c75096029
17979,1074139,Amber Gainey Meade,Tattered Caroler / Well-Dressed Caroler,5,52fe47589251416c7509602d
17979,492081,Ryan Ochoa,Tattered Caroler / Beggar Boy / Young Cratchit Boy / Ignorance Boy / Young Boy with Sleigh,6,52fe47589251416c75096031
17979,1074140,Bobbi Page,Tattered Caroler / Well-Dressed Caroler,7,52fe47589251416c75096035
17979,60602,Ron Bottitta,Tattered Caroler / Well-Dressed Caroler,8,52fe47589251416c75096039
17979,61831,Sammi Hanratty,Beggar Boy / Young Cratchit Girl / Want Girl,9,52fe47589251416c7509603d
76757,18973,Mila Kunis,Jupiter Jones,0,52fe494bc3a368484e12446b
76757,38673,Channing Tatum,Caine Wise,1,52fe494bc3a368484e124467
76757,48,Sean Bean,Stinger Apini,2,52fe494bc3a368484e12447d
76757,37632,Eddie Redmayne,Balem Abrasax,3,52fe494bc3a368484e12446f
76757,230680,Douglas Booth,Titus Abrasax,4,52fe494bc3a368484e124481
76757,89822,Tuppence Middleton,Kalique Abrasax,5,52fe494bc3a368484e124473
76757,1216606,Gugu Mbatha-Raw,Famulus,6,548071c3c3a36829b200318c
76757,109319,Nikki Amuka-Bird,Diomika Tsing,7,548072ce9251416e78002977
76757,47625,Christina Cole,Gemma Chatterjee,8,5480721cc3a36829a30029f5
76757,1360221,Nicholas A. Newman,Nesh,9,548074899251416e7b0027c9
258489,28846,Alexander Skarsgård,John Clayton / Tarzan,0,535a4487c3a3684790001333
258489,234352,Margot Robbie,Jane Porter,1,535a4494c3a3684799001315
258489,27319,Christoph Waltz,Captain Leon Rom,2,54082a850e0a26269000128e
258489,2231,Samuel L. Jackson,George Washington Williams,3,54082a910e0a262682001292
258489,938,Djimon Hounsou,Chief Mbonga,4,551b70b69251414aed0017a5
258489,388,Jim Broadbent,Prime Minister,5,576f9a9d9251417936004b38
258489,1026019,Casper Crump,Captain Kerchover,6,576f9a9dc3a3684733004dc0
258489,1029045,Yule Masiteng,Muviro,7,58f0944ec3a3686b6b00c7ba
258489,21343,Ben Chaplin,Captain Moulle,8,57bcca14c3a3682237008073
258489,1795843,Sidney Ralitsoele,Wasimbu,9,58f093e692514125a500d9d6
411,5528,William Moseley,Peter Pevensie,0,52fe4240c3a36847f800fcd1
411,5529,Anna Popplewell,Susan Pevensie,1,52fe4240c3a36847f800fcd5
411,5527,Skandar Keynes,Edmund Pevensie,2,52fe4240c3a36847f800fccd
411,5526,Georgie Henley,Lucy Pevensie,3,52fe4240c3a36847f800fcc9
411,3896,Liam Neeson,Aslan (voice),4,52fe4240c3a36847f800fd09
411,3063,Tilda Swinton,White Witch,5,52fe4240c3a36847f800fcd9
411,5530,James McAvoy,"Mr. Tumnus, the Faun",6,52fe4240c3a36847f800fcdd
411,388,Jim Broadbent,Professor Kirke,7,52fe4240c3a36847f800fce1
411,5531,Kiran Shah,Ginarrbrik,8,52fe4240c3a36847f800fce5
411,2467,James Cosmo,Father Christmas,9,52fe4240c3a36847f800fce9
246655,5530,James McAvoy,Professor Charles Xavier,0,541f8b8b0e0a26179a001025
246655,17288,Michael Fassbender,Erik Lehnsherr / Magneto,1,541f8b19c3a3687988001069
246655,72129,Jennifer Lawrence,Raven Darkholme / Mystique,2,541f8b3bc3a368799200116c
246655,3292,Nicholas Hoult,Hank McCoy / Beast,3,541f8bd90e0a2617a5000fdc
246655,25072,Oscar Isaac,En Sabah Nur / Apocalypse,4,54e452bc9251412c8e004c4e
246655,9827,Rose Byrne,Moira MacTaggert,5,54e4525cc3a3685756009ee4
246655,55089,Evan Peters,Peter Maximoff / Quicksilver,6,541f8bfdc3a36879a0001036
246655,1056053,Josh Helman,Col. William Stryker,7,566b69c09251412dbc000f17
246655,1001657,Sophie Turner,Jean Grey / Phoenix,8,54c28961c3a36878d0004106
246655,1034681,Tye Sheridan,Scott Summers / Cyclops,9,54c28a1592514124ed003dad
155,3894,Christian Bale,Bruce Wayne,0,52fe4220c3a36847f8005d17
155,1810,Heath Ledger,Joker,1,52fe421fc3a36847f8005cbf
155,6383,Aaron Eckhart,Harvey Dent,2,52fe4220c3a36847f8005cf1
155,3895,Michael Caine,Alfred,3,52fe4220c3a36847f8005cf9
155,1579,Maggie Gyllenhaal,Rachel,4,52fe421fc3a36847f8005cd5
155,64,Gary Oldman,Gordon,5,52fe4220c3a36847f8005cf5
155,192,Morgan Freeman,Lucius Fox,6,52fe4220c3a36847f8005d13
155,53651,Monique Gabriela Curnen,Ramirez,7,55dc9083c3a3686572000193
155,57597,Ron Dean,Wuertz,8,52fe4220c3a36847f8005d65
155,2037,Cillian Murphy,Scarecrow,9,52fe4220c3a36847f8005cfd
14160,68812,Ed Asner,Carl Fredricksen (voice),0,52fe45d19251416c75063875
14160,290,Christopher Plummer,Charles Muntz (voice),1,52fe45d19251416c75063879
14160,80676,Jordan Nagai,Russell (voice),2,52fe45d19251416c7506387d
14160,10,Bob Peterson,Dug / Alpha (voice),3,52fe45d19251416c75063881
14160,18792,Delroy Lindo,Beta (voice),4,52fe45d19251416c75063885
14160,7960,Jerome Ranft,Gamma (voice),5,52fe45d19251416c750638ad
14160,7907,John Ratzenberger,Construction Foreman Tom (voice),6,52fe45d19251416c75063889
14160,84490,David Kaye,Newsreel Announcer (voice),7,52fe45d19251416c7506388d
14160,84491,Elie Docter,Young Ellie (voice),8,52fe45d19251416c75063891
14160,84492,Jeremy Leary,Young Carl (voice),9,52fe45d19251416c75063895
15512,19274,Seth Rogen,B.O.B. (voice),0,52fe46639251416c75076a61
15512,368,Reese Witherspoon,Susan Murphy / Ginormica (voice),1,52fe46639251416c75076a65
15512,41419,Hugh Laurie,Dr. Cockroach Ph.D. (voice),2,52fe46639251416c75076a69
15512,22226,Paul Rudd,Derek Dietl (voice),3,52fe46639251416c75076a6d
15512,2628,Kiefer Sutherland,General W.R. Monger (voice),4,52fe46639251416c75076a71
15512,11678,Rainn Wilson,Gallaxhar (voice),5,52fe46639251416c75076a75
15512,21200,Will Arnett,The Missing Link (voice),6,52fe46639251416c75076a79
15512,58769,Stephen Colbert,President Hathaway (voice),7,52fe46639251416c75076a7d
15512,78303,Jimmy Kimmel,Insectosaurus (voice),8,52fe46639251416c75076a81
15512,24305,Julie White,Wendy Murphy (voice),9,52fe46639251416c75076a85
1726,3223,Robert Downey Jr.,Tony Stark / Iron Man,0,52fe4311c3a36847f8037ee9
1726,18288,Terrence Howard,"Lt. Col. James ""Rhodey"" Rhodes / War Machine",1,52fe4311c3a36847f8037ecb
1726,1229,Jeff Bridges,Obadiah Stane / Iron Monger,2,52fe4311c3a36847f8037ec7
1726,17857,Shaun Toub,Yinsen,3,52fe4311c3a36847f8037ebf
1726,12052,Gwyneth Paltrow,"Virginia ""Pepper"" Potts",4,52fe4311c3a36847f8037ec3
1726,57452,Faran Tahir,Raza,5,52fe4311c3a36847f8037ee5
1726,6162,Paul Bettany,J.A.R.V.I.S. (voice),6,52fe4311c3a36847f8037efb
1726,57451,Leslie Bibb,Christine Everhart,7,52fe4311c3a36847f8037ee1
1726,9048,Clark Gregg,Agent Phil Coulson,8,52fe4311c3a36847f8037ef3
1726,163671,Will Lyman,Award Ceremony Narrator (voice),9,52fe4311c3a36847f8037f37
44826,2282,Ben Kingsley,Georges Méliès,0,52fe469dc3a36847f8108b3b
44826,6730,Sacha Baron Cohen,The Station Inspector,1,52fe469dc3a36847f8108b3f
44826,77996,Asa Butterfield,Hugo Cabret,2,52fe469dc3a36847f8108b33
44826,56734,Chloë Grace Moretz,Isabelle,3,52fe469dc3a36847f8108b37
44826,5538,Ray Winstone,Uncle Claude,4,52fe469dc3a36847f8108b5b
44826,1246,Emily Mortimer,Lisette,5,52fe469dc3a36847f8108b57
44826,113,Christopher Lee,Monsieur Labisse,6,52fe469dc3a36847f8108b47
44826,15737,Helen McCrory,Mama Jeanne,7,52fe469dc3a36847f8108b4b
44826,72873,Michael Stuhlbarg,Rene Rabard,8,52fe469dc3a36847f8108b4f
44826,47468,Frances de la Tour,Madame Emilie,9,52fe469dc3a36847f8108b5f
8487,2888,Will Smith,Capt. James West,0,52fe44adc3a36847f80a3bdb
8487,8945,Kevin Kline,U.S. Marshal Artemus Gordon,1,52fe44adc3a36847f80a3b67
8487,11181,Kenneth Branagh,Dr. Arliss Loveless,2,52fe44adc3a36847f80a3b6b
8487,3136,Salma Hayek,Rita Escobar,3,52fe44adc3a36847f80a3b6f
8487,588,M. Emmet Walsh,Coleman,4,52fe44adc3a36847f80a3b73
8487,15854,Ted Levine,General 'Bloodbath' McGrath,5,52fe44adc3a36847f80a3b77
8487,55254,Frederique van der Wal,Amazonia,6,52fe44adc3a36847f80a3b7b
8487,1475,Musetta Vander,Munitia,7,52fe44adc3a36847f80a3b7f
8487,55255,Sofia Eng,Miss Lippenrieder,8,52fe44adc3a36847f80a3b83
8487,31647,Garcelle Beauvais,Belle,9,52fe44adc3a36847f80a3b87
1735,18269,Brendan Fraser,Richard O'Connell,0,52fe4312c3a36847f80384a3
1735,1336,Jet Li,Emperor Han,1,52fe4312c3a36847f80384a7
1735,10727,John Hannah,Jonathan Carnahan,2,52fe4312c3a36847f80384c9
1735,49,Maria Bello,Evelyn O’Connell,3,52fe4312c3a36847f80384df
1735,55900,Luke Ford,Alex O'Connell,4,52fe4312c3a36847f80384e3
1735,1620,Michelle Yeoh,Zi Juan,5,52fe4312c3a36847f80384e7
1735,72040,Isabella Leong,Lin,6,52fe4312c3a36847f80384eb
1735,66717,Anthony Wong,General Yang,7,52fe4312c3a36847f80384ef
1735,21354,Russell Wong,Ming Guo,8,52fe4312c3a36847f80384f3
1735,15498,Liam Cunningham,Maguire,9,52fe4312c3a36847f80384f7
297761,2888,Will Smith,Floyd Lawton / Deadshot,0,547ebbec92514124aa000a6d
297761,234352,Margot Robbie,Harleen Quinzel / Harley Quinn,1,54674a90eaeb817271001c5f
297761,92404,Joel Kinnaman,Rick Flag,2,554388d6c3a3680cd7001ef5
297761,19492,Viola Davis,Amanda Waller,3,549763f89251416e2b006fb7
297761,7499,Jared Leto,The Joker,4,547ebbbec3a3683965000981
297761,224181,Jai Courtney,George 'Digger' Harkness / Boomerang,5,547ebb7f92514124bb0009d4
297761,19487,Jay Hernandez,Chato Santana / El Diablo,6,554389cdc3a3680cdb001eb9
297761,31164,Adewale Akinnuoye-Agbaje,Waylon Jones / Killer Croc,7,55438907c3a3680ce6001e53
297761,1289968,Cara Delevingne,June Moone / Enchantress,8,547ebca892514124b6000a8a
297761,1461608,Karen Fukuhara,Tatsu Yamashiro / Katana,9,554389819251415868001d4d
2698,4495,Steve Carell,Evan Baxter,0,52fe4365c3a36847f8051479
2698,16858,Lauren Graham,Joan Baxter,1,52fe4365c3a36847f805147d
2698,1230,John Goodman,Congressman Long,2,52fe4365c3a36847f8051481
2698,6860,Jimmy Bennett,Ryan Baxter,3,52fe4365c3a36847f8051485
2698,8265,John Michael Higgins,Marty,4,52fe4365c3a36847f8051489
2698,192,Morgan Freeman,God,5,52fe4365c3a36847f805148d
2698,27102,Wanda Sykes,Rita,6,52fe4365c3a36847f8051491
2698,27103,Graham Phillips,Jordan Baxter,7,52fe4365c3a36847f8051495
2698,27104,Johnny Simmons,Dylan Baxter,8,52fe4365c3a36847f8051499
2698,21007,Jonah Hill,Eugene,9,52fe4365c3a36847f805149d
137113,500,Tom Cruise,"Maj. William ""Bill"" Cage",0,52fe4c27c3a368484e1aa209
137113,5081,Emily Blunt,Sgt. Rita Vrataski,1,53b524de0e0a2676c4002173
137113,2039,Brendan Gleeson,General Brigham,2,5391fab70e0a266dca0001ae
137113,2053,Bill Paxton,Msg. Farell,3,52fe4c27c3a368484e1aa20d
137113,119224,Jonas Armstrong,Skinner,4,52fe4c27c3a368484e1aa219
137113,147255,Tony Way,Kimmel,5,52fe4c27c3a368484e1aa221
137113,93111,Kick Gurry,Griff,6,52fe4c27c3a368484e1aa21d
137113,1363086,Franz Drameh,Ford,7,541211790e0a266637002360
137113,125740,Dragomir Mrsic,Kuntz,8,52fe4c27c3a368484e1aa225
137113,115679,Charlotte Riley,Nance,9,52fe4c27c3a368484e1aa211
9804,1269,Kevin Costner,Mariner,0,52fe4530c3a36847f80c1425
9804,59350,Chaim Girafi,Drifter,1,52fe4530c3a36847f80c1429
9804,3432,Rick Aviles,Gatesman,2,52fe4530c3a36847f80c142d
9804,49832,R. D. Call,Enforcer,3,52fe4530c3a36847f80c1495
9804,59352,Zitto Kazann,Elder / Survivor,4,52fe4530c3a36847f80c1431
9804,10478,Jeanne Tripplehorn,Helen,5,52fe4530c3a36847f80c1435
9804,2778,Dennis Hopper,Deacon,6,52fe4530c3a36847f80c148d
9804,70851,Jack Black,Pilot,7,52fe4530c3a36847f80c1491
9804,47458,Zakes Mokae,Priam,8,52fe4530c3a36847f80c1499
9804,1240,Jack Kehler,Banker,9,53870319c3a3681aed002a17
14869,6065,Dennis Quaid,General Hawk,0,52fe46229251416c7506e4b5
14869,38673,Channing Tatum,Duke,1,52fe46229251416c7506e4b9
14869,9562,Marlon Wayans,Ripcord,2,52fe46229251416c7506e4bd
14869,23459,Sienna Miller,Ana Lewis / Baroness,3,52fe46229251416c7506e4c1
14869,24045,Joseph Gordon-Levitt,The Doctor / Rex,4,52fe46229251416c7506e4c5
14869,5419,Saïd Taghmaoui,Breaker,5,52fe46229251416c7506e4c9
14869,2040,Christopher Eccleston,McCullen / Destro,6,52fe46229251416c7506e4cd
14869,31164,Adewale Akinnuoye-Agbaje,Heavy Duty,7,52fe46229251416c7506e4d1
14869,25002,Lee Byung-hun,Storm Shadow,8,52fe46229251416c7506e4ed
14869,50347,Rachel Nichols,Scarlet,9,52fe46229251416c7506e4f1
150540,56322,Amy Poehler,Joy (voice),0,52fe4ae69251416c910c9619
150540,169200,Phyllis Smith,Sadness (voice),1,52fe4ae69251416c910c9629
150540,21125,Richard Kind,Bing Bong (voice),2,5580684b9251411c84000335
150540,19278,Bill Hader,Fear (voice),3,52fe4ae69251416c910c961d
150540,59258,Lewis Black,Anger (voice),4,52fe4ae69251416c910c9621
150540,125167,Mindy Kaling,Disgust (voice),5,52fe4ae69251416c910c9625
150540,1371894,Kaitlyn Dias,Riley (voice),6,543390dcc3a36831a6008242
150540,2882,Diane Lane,Mom (voice),7,5580686d9251412710000499
150540,6677,Kyle MacLachlan,Dad (voice),8,54bae38b9251411d6a007311
150540,196502,Paula Poundstone,Forgetter Paula (voice),9,558068cbc3a368583e000363
278927,1414734,Neel Sethi,Mowgli,0,54baea82c3a3686c6f0068ca
278927,1532,Bill Murray,Baloo (voice),1,5489469092514161c7000f65
278927,2282,Ben Kingsley,Bagheera (voice),2,53ad9bfb0e0a26598600239c
278927,17605,Idris Elba,Shere Khan (voice),3,53ad9bd90e0a265986002399
278927,1245,Scarlett Johansson,Kaa (voice),4,53ad9bce0e0a265989002461
278927,4690,Christopher Walken,King Louie (voice),5,54894680c3a3686f4a000ecc
278927,1267329,Lupita Nyong'o,Raksha (voice),6,53ad9bee0e0a26597900245e
278927,4808,Giancarlo Esposito,Akela (voice),7,548946a392514161d0000ed0
278927,52865,Garry Shandling,Ikki (voice),8,5748c37dc3a368666400038f
278927,15277,Jon Favreau,Pygmy Hog (voice),9,5748c39cc3a368086600013a
10138,3223,Robert Downey Jr.,Tony Stark / Iron Man,0,52fe43329251416c75007341
10138,12052,Gwyneth Paltrow,"Virginia ""Pepper"" Potts",1,52fe43329251416c75007307
10138,1896,Don Cheadle,"Lt. Col. James ""Rhodey"" Rhodes / War Machine",2,52fe43329251416c7500730b
10138,1245,Scarlett Johansson,Natalie Rushman / Natasha Romanoff / Black Widow,3,52fe43329251416c750072bf
10138,2295,Mickey Rourke,Ivan Vanko / Whiplash,4,52fe43329251416c750072b5
10138,6807,Sam Rockwell,Justin Hammer,5,52fe43329251416c750072c3
10138,2231,Samuel L. Jackson,Director Nick Fury,6,52fe43329251416c750072c7
10138,9048,Clark Gregg,Agent Phil Coulson,7,52fe43329251416c7500734d
10138,21134,John Slattery,Howard Stark,8,52fe43329251416c75007349
10138,52865,Garry Shandling,Senator Stern,9,52fe43329251416c75007345
58595,37917,Kristen Stewart,Snow White,0,52fe496ac3a36847f8198f9b
58595,6885,Charlize Theron,Queen Ravenna,1,52fe496ac3a36847f8198f35
58595,74568,Chris Hemsworth,The Huntsman,2,52fe496ac3a36847f8198f39
58595,237455,Sam Claflin,William,3,52fe496ac3a36847f8198f3d
58595,6972,Ian McShane,Beith,4,52fe496ac3a36847f8198f71
58595,5538,Ray Winstone,Gort,5,52fe496ac3a36847f8198f75
58595,11109,Nick Frost,Nion,6,52fe496ac3a36847f8198f79
58595,13014,Toby Jones,Coll,7,52fe496ac3a36847f8198f7d
58595,1665,Eddie Marsan,Duir,8,52fe496ac3a36847f8198f81
58595,382,Bob Hoskins,Muir,9,52fe496ac3a36847f8198f85
102651,11701,Angelina Jolie,Maleficent,0,52fe4a0cc3a36847f81b5cb3
102651,18050,Elle Fanning,Princess Aurora,1,52fe4a0cc3a36847f81b5caf
102651,82191,Sharlto Copley,Stefan,2,52fe4a0cc3a36847f81b5cc7
102651,32987,Sam Riley,Diaval,3,52fe4a0cc3a36847f81b5cdb
102651,36594,Juno Temple,Thistletwit,4,52fe4a0cc3a36847f81b5cc3
102651,11356,Imelda Staunton,Knotgrass,5,52fe4a0cc3a36847f81b5cd7
102651,72305,Lesley Manville,Flittle,6,52fe4a0cc3a36847f81b5ce7
102651,1017347,Brenton Thwaites,Prince Phillip,7,52fe4a0cc3a36847f81b5cd3
102651,1355733,Isobelle Molloy,Young Maleficent,8,53f7bf4f0e0a267a72000014
102651,8436,Miranda Richardson,Queen Ulla,9,52fe4a0cc3a36847f81b5ccf
119450,1333,Andy Serkis,Caesar,0,52fe4c01c3a36847f821cf15
119450,76512,Jason Clarke,Malcolm,1,52fe4c01c3a36847f821cf35
119450,64,Gary Oldman,Dreyfus,2,52fe4c01c3a36847f821cf2d
119450,41292,Keri Russell,Ellie,3,52fe4c01c3a36847f821cf31
119450,20286,Toby Kebbell,Koba,4,53c43f8b0e0a26157f00d766
119450,113505,Kodi Smit-McPhee,Alexander,5,52fe4c01c3a36847f821cf39
119450,55861,Kirk Acevedo,Carver,6,52fe4c01c3a36847f821cf41
119450,20750,Judy Greer,Cornelia,7,52fe4c01c3a36847f821cf1f
119450,236696,Terry Notary,Rocket,8,52fe4c01c3a36847f821cf23
119450,58395,Karin Konoval,Maurice,9,52fe4c01c3a36847f821cf3d
79698,2299,Josh Hartnett,James Stewart / Jay Fennel,0,52fe49e0c3a368484e145071
79698,76850,Simone Kessell,Clara Coldstream,1,52fe49e0c3a368484e145079
79698,66442,Tamsin Egerton,Laura Fennel,2,530a555dc3a36863b1003e67
79698,587823,Alice Englert,Dolly,3,52fe49e0c3a368484e145089
79698,85035,Bipasha Basu,Tulaja Naik,4,52fe49e0c3a368484e14507d
79698,79003,Abhay Deol,Udaji,5,52fe49e0c3a368484e145081
79698,587822,Tehmina Sunny,Sonubai,6,52fe49e0c3a368484e145085
79698,30576,Shane Briant,Governor of Bombay,7,52fe49e0c3a368484e14508d
79698,55578,Steve Nicolson,York,8,52fe49e0c3a368484e145091
79698,53676,Atul Kulkarni,Raoji,9,52fe49e0c3a368484e145095
64686,6384,Keanu Reeves,Kai,0,52fe46e4c3a368484e0a98cd
64686,9195,Hiroyuki Sanada,Kuranosuke Ôishi,1,52fe46e4c3a368484e0a98d1
64686,58593,Kou Shibasaki,Mika,2,52fe46e4c3a368484e0a98d5
64686,13275,Tadanobu Asano,Lord Kira,3,52fe46e4c3a368484e0a98d9
64686,136191,Min Tanaka,Lord Asano,4,52fe46e4c3a368484e0a98ff
64686,18054,Rinko Kikuchi,Witch,5,52fe46e4c3a368484e0a98dd
64686,1253541,Jin Akanishi,Chikara,6,52fe46e4c3a368484e0a9903
64686,1095404,Masayoshi Haneda,Yasuno,7,52fe46e4c3a368484e0a9907
64686,1278788,Hiroshi Sogabe,Hazama,8,52fe46e4c3a368484e0a990b
64686,1278789,Takato Yonemoto,Basho,9,52fe46e4c3a368484e0a990f
100402,16828,Chris Evans,Steve Rogers / Captain America,0,52fe49d8c3a36847f81a957d
100402,2231,Samuel L. Jackson,Nick Fury,1,52fe49d8c3a36847f81a9581
100402,1245,Scarlett Johansson,Natasha Romanoff / Black Widow,2,52fe49d8c3a36847f81a959d
100402,4135,Robert Redford,Alexander Pierce,3,52fe49d8c3a36847f81a95bb
100402,60898,Sebastian Stan,Bucky Barnes / Winter Soldier,4,52fe49d8c3a36847f81a9585
100402,53650,Anthony Mackie,Sam Wilson / Falcon,5,52fe49d8c3a36847f81a9589
100402,71189,Cobie Smulders,Maria Hill,6,52fe49d8c3a36847f81a95a1
100402,81685,Frank Grillo,Brock Rumlow,7,52fe49d8c3a36847f81a9599
100402,1018947,Maximiliano Hernández,Jasper Sitwell,8,52fe49d8c3a36847f81a95cb
100402,84247,Emily VanCamp,Kate / Agent 13,9,52fe49d8c3a36847f81a95a9
10192,12073,Mike Myers,Shrek (voice),0,52fe433f9251416c750090c3
10192,776,Eddie Murphy,Donkey (voice),1,52fe433f9251416c750090c7
10192,6941,Cameron Diaz,Princess Fiona (voice),2,52fe433f9251416c750090cb
10192,3131,Antonio Banderas,Puss in Boots (voice),3,52fe433f9251416c750090cf
10192,5823,Julie Andrews,Queen (voice),4,52fe433f9251416c750090d3
10192,65717,Jon Hamm,Brogan (voice),5,52fe433f9251416c750090d7
10192,8930,John Cleese,King (voice),6,52fe433f9251416c750090db
10192,64342,Craig Robinson,Cookie (voice),7,52fe433f9251416c750090df
10192,118489,Walt Dohrn,Rumpelstiltskin / Priest / Krekraw Ogre (voice),8,52fe433f9251416c750090e3
10192,43775,Jane Lynch,Gretched (voice),9,52fe433f9251416c750090e7
158852,52018,Britt Robertson,Casey Newton,0,54cd3f9b925141475d001bc8
158852,1461,George Clooney,Frank Walker,1,54cd3fae9251414757001c65
158852,1055230,Raffey Cassidy,Athena,2,54cd400d9251414757001c70
158852,965224,Thomas Robinson,Young Frank Walker,3,54cd3fddc3a3687f80001ad1
158852,41419,Hugh Laurie,David Nix,4,54cd3ff6c3a3687f92001b0d
158852,17696,Kathryn Hahn,Ursula,5,54cd4028c3a3687f80001ad4
158852,298410,Keegan-Michael Key,Hugo,6,55638dd49251415bfb00136e
158852,74428,Tim McGraw,Eddie Newton,7,55638dec92514116cb001fc0
158852,4445,Chris Bauer,Frank's Dad,8,55e51fcbc3a368140800101f
158852,992427,Pierce Gagnon,Nate Newton,9,55e51fcb925141379d000e8c
177572,66580,Scott Adsit,Baymax (voice),0,542e468fc3a3681e720017df
177572,515510,Ryan Potter,Hiro Hamada (voice),1,542e46770e0a261fd90018f1
177572,82093,Daniel Henney,Tadashi Hamada (voice),2,542e4682c3a36859d8001a94
177572,51990,T.J. Miller,Fred (voice),3,54a099a3c3a3685542008669
177572,78324,Jamie Chung,GoGo Tomago (voice),4,535e7927c3a36830a9005523
177572,87822,Damon Wayans Jr.,Wasabi (voice),5,542e4641c3a3682187001a7c
177572,589162,Génesis Rodríguez,Honey Lemon (voice),6,542e4631c3a36859d8001a83
177572,2505,James Cromwell,Professor Robert Callaghan (voice),7,542e4663c3a36859d00018d9
177572,21088,Alan Tudyk,Alistair Krei (voice),8,542e46560e0a261fdf00192b
177572,52792,Maya Rudolph,Aunt Cass (voice),9,53752be80e0a263031000337
82690,4764,John C. Reilly,Wreck-It Ralph (voice),0,52fe486a9251416c9108bcd5
82690,7404,Sarah Silverman,Vanellope von Schweetz (voice),1,52fe486a9251416c9108bcdd
82690,58737,Jack McBrayer,Fix-It Felix (voice),2,52fe486b9251416c9108bce1
82690,43775,Jane Lynch,Sergeant Calhoun (voice),3,52fe486a9251416c9108bcd9
82690,21088,Alan Tudyk,King Candy (voice),4,52fe486b9251416c9108bced
82690,125167,Mindy Kaling,Taffyta Muttonfudge (voice),5,52fe486b9251416c9108bcf1
82690,21131,Joe Lo Truglio,Markowski (voice),6,52fe486b9251416c9108bcf5
82690,18977,Ed O'Neill,Mr. Litwak (voice),7,52fe486b9251416c9108bcf9
82690,352,Dennis Haysbert,General Hologram (voice),8,52fe486b9251416c9108bcfd
82690,76245,Adam Carolla,Wynnchel (voice),9,52fe486b9251416c9108bce9
5255,31,Tom Hanks,Hero Boy / Father / Conductor / Hobo / Scrooge / Santa Claus (voice),0,52fe4400c3a36847f807c9c1
5255,2169,Michael Jeter,Smokey / Steamer (voice),1,52fe4400c3a36847f807c9c5
5255,18286,Nona Gaye,Hero Girl (voice),2,52fe4400c3a36847f807c9cd
5255,42363,Peter Scolari,Lonely Boy Billy (voice),3,52fe4400c3a36847f807c9d1
5255,42362,Eddie Deezen,Know-It-All (voice),4,52fe4400c3a36847f807c9c9
5255,42287,Leslie Zemeckis,Sister Sarah / Mother (voice),5,52fe4400c3a36847f807c9e1
5255,37935,Steven Tyler,Elf Lieutenant (voice),6,52fe4400c3a36847f807c9dd
5255,42286,Julene Renee,Red Head Girl (voice),7,52fe4400c3a36847f807c9e5
5255,23791,Chris Coppola,Toothless Boy (voice),8,52fe4400c3a36847f807c9d5
5255,12826,Charles Fleischer,Elf General (voice),9,52fe4400c3a36847f807c9d9
47933,96066,Liam Hemsworth,Jake Morrison,0,54d9f2239251410a3900156e
47933,4785,Jeff Goldblum,David Levinson,1,54d9f23b9251410a420013f3
47933,8984,Bill Pullman,President Whitmore,2,54d9f2309251410a450014c3
47933,1094091,Maika Monroe,Patricia Whitmore,3,566e24fdc3a368535a00e272
47933,6068,Sela Ward,President Lanford,4,566e24fe9251412dbc00839b
47933,886,William Fichtner,General Adams,5,566e24fdc3a3683f5600ceda
47933,2535,Vivica A. Fox,Jasmine,6,566e24fe925141738300c7b1
47933,4273,Charlotte Gainsbourg,Dr. Catherine Marceaux,7,550e8fb6c3a3683f390020ab
47933,1213786,Brent Spiner,Dr. Brakish Okun,8,566e24ff92514169e200d7c8
47933,6167,Judd Hirsch,Julius Levinson,9,566e24ffc3a36836b401022a
10191,449,Jay Baruchel,Hiccup,0,52fe433e9251416c75009013
10191,17276,Gerard Butler,Stoick,1,52fe433e9251416c75009017
10191,24264,Craig Ferguson,Gobber,2,52fe433e9251416c7500901b
10191,59174,America Ferrera,Astrid,3,52fe433e9251416c7500901f
10191,21007,Jonah Hill,Snotlout,4,52fe433e9251416c75009023
10191,54691,Christopher Mintz-Plasse,Fishlegs,5,52fe433e9251416c75009027
10191,51990,T.J. Miller,Tuffnut,6,52fe433e9251416c75009079
10191,41091,Kristen Wiig,Ruffnut,7,52fe433e9251416c7500907d
10191,130081,Robin Atkin Downes,Ack,8,52fe433e9251416c75009081
10191,138619,Philip McGrade,Starkard,9,52fe433e9251416c75009085
296,1100,Arnold Schwarzenegger,The Terminator,0,52fe4233c3a36847f800bca9
296,6408,Nick Stahl,John Connor,1,52fe4233c3a36847f800bcad
296,6194,Claire Danes,Kate Brewster,2,52fe4234c3a36847f800bcb1
296,7218,Kristanna Loken,T-X,3,52fe4234c3a36847f800bcb5
296,7219,David Andrews,Robert Brewster,4,52fe4234c3a36847f800bcb9
296,7220,Mark Famiglietti,Scott Petersen,5,52fe4234c3a36847f800bcbd
296,2716,Earl Boen,Dr. Peter Silberman,6,52fe4234c3a36847f800bcc1
296,7221,Moira Harris,Betsy,7,52fe4234c3a36847f800bcc5
296,7222,Chopper Bernet,Chief Engineer,8,52fe4234c3a36847f800bcc9
296,7223,Christopher Lawford,Brewser's Aide,9,52fe4234c3a36847f800bccd
118340,73457,Chris Pratt,Peter Quill / Star-Lord,0,52fe4bd5c3a36847f8215d01
118340,8691,Zoe Saldana,Gamora,1,52fe4bd5c3a36847f8215d2d
118340,543530,Dave Bautista,Drax the Destroyer,2,52fe4bd5c3a36847f8215d05
118340,12835,Vin Diesel,Groot (voice),3,52fe4bd5c3a36847f8215d5b
118340,51329,Bradley Cooper,Rocket  Raccoon (voice),4,52fe4bd5c3a36847f8215d5f
118340,72095,Lee Pace,Ronan the Accuser,5,52fe4bd5c3a36847f8215d3d
118340,12132,Michael Rooker,Yondu Udonta,6,52fe4bd5c3a36847f8215d31
118340,543261,Karen Gillan,Nebula,7,52fe4bd5c3a36847f8215d4f
118340,938,Djimon Hounsou,Korath,8,5379f3efc3a3685531005ca7
118340,4764,John C. Reilly,Corpsman Dey,9,52fe4bd5c3a36847f8215d47
157336,10297,Matthew McConaughey,Joseph Cooper,0,52fe4bbf9251416c910e47cb
157336,83002,Jessica Chastain,Murph Cooper,1,52fe4bbf9251416c910e47f1
157336,1813,Anne Hathaway,Dr. Amelia Brand,2,57fe146fc3a368504a00261e
157336,3895,Michael Caine,Professor John Brand,3,52fe4bbf9251416c910e47f5
157336,1893,Casey Affleck,Tom Cooper,4,52fe4bbf9251416c910e4805
157336,851784,Mackenzie Foy,Young Murph Cooper,5,52fe4bbf9251416c910e4811
157336,1190668,Timothée Chalamet,Young Tom Cooper,6,52fe4bbf9251416c910e480d
157336,58549,Bill Irwin,TARS (voice),7,52fe4bbf9251416c910e4819
157336,1892,Matt Damon,Dr. Mann,8,52fe4bbf9251416c910e482d
157336,9560,Ellen Burstyn,Old Murph Cooper,9,52fe4bbf9251416c910e4809
27205,6193,Leonardo DiCaprio,Dom Cobb,0,52fe4534c3a368484e04de03
27205,24045,Joseph Gordon-Levitt,Arthur,1,52fe4534c3a368484e04de0b
27205,27578,Ellen Page,Ariadne,2,52fe4534c3a368484e04de13
27205,2524,Tom Hardy,Eames,3,52fe4534c3a368484e04de1b
27205,3899,Ken Watanabe,Saito,4,52fe4534c3a368484e04de07
27205,2037,Cillian Murphy,Robert Fischer,5,52fe4534c3a368484e04de1f
27205,8293,Marion Cotillard,Mal,6,52fe4534c3a368484e04de0f
27205,3895,Michael Caine,Miles,7,52fe4534c3a368484e04de17
27205,95697,Dileep Rao,Yusuf,8,52fe4534c3a368484e04de4f
27205,13022,Tom Berenger,Browning,9,52fe4534c3a368484e04de23
315011,1098600,Hiroki Hasegawa,Rando Yaguchi : Deputy Chief Cabinet Secretary,0,560893cb9251415469001270
315011,588403,Yutaka Takenouchi,Hideki Akasaka : Special Advisor to the Prime Minister(National Security),1,560893769251417a45003647
315011,224664,Satomi Ishihara,Kayoko Ann Patterson : US special envoy,2,560893a9c3a368586f001844
315011,120690,Kengo Kora,Yuseuke Shimura : Secretary of Rando,3,570f2d22c3a3685373001e38
315011,1502395,Matsuo Satoru,Syuichi Izumi : Policy Research Council Vice Chairman,4,57e5e969c3a3683521001a47
315011,130654,Mikako Ichikawa,Hiromi Ogashira : Ministry of the Environment  Nature / Wildlife Division Deputy Director,5,570f2de292514102af001c87
315011,87662,Issei Takahashi,"Ryu Yasuda : Ministry of Education, Culture, Sports, Science and Technology, Research / Promotion Bureau Director",6,592e3b73c3a368614300418a
315011,13256,Kanji Tsuda,"Fumiya Mori : Ministry of Health, Labour and Welfare / Research and Development Division Director",7,5764c9f4c3a36818db000220
315011,58608,Shinya Tsukamoto,Kunio Hazama : Jouhoku University Associate professor,8,5764cb4a925141689f0002dc
315011,1405926,Toru Nomaguchi,Tachikawa : Agency for Natural Resources and Energy / Electricity and Gas Industry Department Director,9,5764cadc92514168ab000279
49051,1327,Ian McKellen,Gandalf,0,52fe4783c3a36847f8139f93
49051,7060,Martin Freeman,Bilbo,1,52fe4783c3a36847f8139f87
49051,30315,Richard Armitage,Thorin,2,52fe4783c3a36847f8139fa9
49051,1333,Andy Serkis,Gollum,3,52fe4783c3a36847f8139f8b
49051,112,Cate Blanchett,Galadriel,4,52fe4783c3a36847f8139f83
49051,113,Christopher Lee,Saruman,5,52fe4783c3a36847f8139f9b
49051,80112,Sylvester McCoy,Radagast,6,52fe4783c3a36847f8139f9f
49051,65,Ian Holm,Older Bilbo,7,52fe4783c3a36847f8139f97
49051,109,Elijah Wood,Frodo,8,52fe4783c3a36847f8139f8f
49051,1331,Hugo Weaving,Elrond,9,52fe4783c3a36847f8139fad
9799,8167,Paul Walker,Brian O'Conner,0,52fe452fc3a36847f80c101b
9799,12835,Vin Diesel,Dominic Toretto,1,52fe452fc3a36847f80c101f
9799,17647,Michelle Rodriguez,Letty Ortiz,2,52fe452fc3a36847f80c1023
9799,22123,Jordana Brewster,Mia Toretto,3,52fe452fc3a36847f80c1027
9799,10883,Rick Yune,Johnny Tran,4,52fe452fc3a36847f80c1073
9799,9186,Chad Lindberg,Jesse,5,52fe452fc3a36847f80c1077
9799,12796,Johnny Strong,Leon,6,52fe452fc3a36847f80c107b
9799,15854,Ted Levine,Sgt. Tanner,7,52fe452fc3a36847f80c1083
9799,31841,Matt Schulze,Vince,8,52fe452fc3a36847f80c107f
9799,8175,Thom Barry,Agent Bilkins,9,55858dbac3a3683967000336
