movie_id,person_id,person_name,job,department,credit_id
19995,2710,James Cameron,Director,Directing,52fe48009251416c750ac9c3
19995,2710,James Cameron,Writer,Writing,52fe48009251416c750ac9d9
19995,2710,James Cameron,Producer,Production,52fe48009251416c750aca29
19995,2710,James Cameron,Screenplay,Writing,52fe48009251416c750aca3f
19995,8529,Jon Landau,Producer,Production,52fe48009251416c750aca2f
285,1704,Gore Verbinski,Director,Directing,52fe4232c3a36847f800b4fd
285,770,Jerry Bruckheimer,Producer,Production,52fe4232c3a36847f800b54f
285,1705,Ted Elliott,Screenplay,Writing,52fe4232c3a36847f800b503
285,1706,Terry Rossio,Screenplay,Writing,52fe4232c3a36847f800b509
285,2445,Eric McLeod,Producer,Production,52fe4232c3a36847f800b561
285,2446,Chad Oman,Producer,Production,52fe4232c3a36847f800b55b
285,2447,Peter Kohn,Producer,Production,52fe4232c3a36847f800b567
285,2448,Pat Sandston,Producer,Production,52fe4232c3a36847f800b56d
206647,39,Sam Mendes,Director,Directing,52fe4d22c3a368484e1d8d77
206647,932,John Logan,Screenplay,Writing,52fe4d22c3a368484e1d8d8d
206647,10666,Barbara Broccoli,Producer,Production,52fe4d22c3a368484e1d8d7d
206647,10783,Robert Wade,Screenplay,Writing,562fc984c3a3681b5400e16f
206647,10782,Neal Purvis,Screenplay,Writing,562fc976c3a3681b5c00dd64
206647,21339,Jez Butterworth,Screenplay,Writing,562fc9a89251414ad800c0fe
206647,69678,Michael G. Wilson,Producer,Production,52fe4d22c3a368484e1d8d83
49026,282,Charles Roven,Producer,Production,52fe4781c3a36847f8139899
49026,525,Christopher Nolan,Screenplay,Writing,52fe4781c3a36847f813991b
49026,525,Christopher Nolan,Director,Directing,52fe4781c3a36847f8139865
49026,525,Christopher Nolan,Producer,Production,52fe4781c3a36847f8139893
49026,527,Jonathan Nolan,Screenplay,Writing,52fe4781c3a36847f813990f
49026,556,Emma Thomas,Producer,Production,52fe4781c3a36847f813989f
49529,7,Andrew Stanton,Screenplay,Writing,52fe479ac3a36847f813eaa3
49529,7,Andrew Stanton,Director,Directing,52fe479ac3a36847f813ea65
49529,490,Colin Wilson,Producer,Production,52fe479ac3a36847f813eac5
49529,72752,Jim Morris,Producer,Production,52fe479ac3a36847f813eabf
49529,72753,Lindsey Collins,Producer,Production,52fe479ac3a36847f813eab9
49529,67758,Michael Chabon,Screenplay,Writing,52fe479ac3a36847f813eaaf
49529,126638,Mark Andrews,Screenplay,Writing,52fe479ac3a36847f813eaa9
559,7623,Sam Raimi,Screenplay,Writing,58d1820cc3a36838d500c706
559,7623,Sam Raimi,Director,Directing,52fe4252c3a36847f801512d
559,7627,Laura Ziskin,Producer,Production,52fe4252c3a36847f8015139
559,7626,Avi Arad,Producer,Production,52fe4252c3a36847f8015133
559,7630,Alvin Sargent,Screenplay,Writing,52fe4252c3a36847f801514b
559,7628,Grant Curtis,Producer,Production,52fe4252c3a36847f801513f
559,7629,Ivan Raimi,Screenplay,Writing,58d182179251411acb00e50d
38757,15892,Dan Fogelman,Screenplay,Writing,572bc4c3c3a3687ff90000c2
38757,56612,Roy Conli,Producer,Production,52fe46db9251416c910620fb
38757,76595,Byron Howard,Director,Directing,52fe46db9251416c910620bf
38757,121830,Nathan Greno,Director,Directing,52fe46db9251416c910620ad
99861,10850,Kevin Feige,Producer,Production,52fe4a449251416c750e3445
99861,12891,Joss Whedon,Director,Directing,52fe4a449251416c750e3439
99861,12891,Joss Whedon,Writer,Writing,52fe4a449251416c750e343f
767,10967,Steve Kloves,Screenplay,Writing,52fe4273c3a36847f801fa87
767,10968,David Heyman,Producer,Production,52fe4273c3a36847f801fa99
767,11343,David Yates,Director,Directing,52fe4273c3a36847f801fa81
767,65614,David Barron,Producer,Production,52fe4273c3a36847f801fa93
767,89320,Tim Lewis,Producer,Production,52fe4273c3a36847f801fa9f
209112,282,Charles Roven,Producer,Production,52fe4d5bc3a368484e1e4c2d
209112,3893,David S. Goyer,Screenplay,Writing,52fe4d5bc3a368484e1e4c27
209112,15217,Zack Snyder,Director,Directing,52fe4d5bc3a368484e1e4c15
209112,79243,Deborah Snyder,Producer,Production,52fe4d5bc3a368484e1e4c33
209112,131680,Chris Terrio,Screenplay,Writing,52fe4d5bc3a368484e1e4c6f
1452,3805,Jon Peters,Producer,Production,553bee5592514135c800283e
1452,10953,Gilbert Adler,Producer,Production,553bee6692514157f0000b54
1452,9032,Bryan Singer,Director,Directing,52fe42f8c3a36847f8030b6f
1452,9032,Bryan Singer,Producer,Production,52fe42f8c3a36847f8030b75
1452,11012,Michael Dougherty,Screenplay,Writing,52fe42f8c3a36847f8030b7b
1452,11013,Dan Harris,Screenplay,Writing,553bee75c3a368784500af32
10764,455,Paul Haggis,Screenplay,Writing,52fe43b29251416c7501aa63
10764,10666,Barbara Broccoli,Producer,Production,52fe43b29251416c7501aa75
10764,12995,Marc Forster,Director,Directing,52fe43b39251416c7501aadb
10764,10783,Robert Wade,Screenplay,Writing,52fe43b29251416c7501aa6f
10764,10782,Neal Purvis,Screenplay,Writing,52fe43b29251416c7501aa69
10764,69678,Michael G. Wilson,Producer,Production,52fe43b29251416c7501aa8d
58,1704,Gore Verbinski,Director,Directing,52fe4211c3a36847f800182d
58,770,Jerry Bruckheimer,Producer,Production,52fe4211c3a36847f8001849
58,1705,Ted Elliott,Screenplay,Writing,52fe4212c3a36847f80018c9
58,1706,Terry Rossio,Screenplay,Writing,52fe4212c3a36847f80018cf
58,2447,Peter Kohn,Producer,Production,52fe4211c3a36847f8001867
58,2448,Pat Sandston,Producer,Production,52fe4211c3a36847f800186d
57201,1704,Gore Verbinski,Director,Directing,52fe4928c3a36847f818be95
57201,1704,Gore Verbinski,Producer,Production,52fe4928c3a36847f818bef9
57201,770,Jerry Bruckheimer,Producer,Production,52fe4928c3a36847f818bef3
57201,1705,Ted Elliott,Screenplay,Writing,52fe4928c3a36847f818bed7
57201,1706,Terry Rossio,Screenplay,Writing,52fe4928c3a36847f818bedd
57201,66721,Justin Haythe,Screenplay,Writing,52fe4928c3a36847f818bee3
49521,282,Charles Roven,Producer,Production,52fe4799c3a36847f813e67f
49521,525,Christopher Nolan,Producer,Production,52fe4799c3a36847f813e613
49521,556,Emma Thomas,Producer,Production,52fe4799c3a36847f813e68b
49521,3893,David S. Goyer,Screenplay,Writing,52fe4799c3a36847f813e649
49521,15217,Zack Snyder,Director,Directing,52fe4799c3a36847f813e601
49521,79243,Deborah Snyder,Producer,Production,52fe4799c3a36847f813e685
2454,5162,Mark Johnson,Producer,Production,52fe4359c3a36847f804d74d
2454,5524,Andrew Adamson,Screenplay,Writing,52fe4359c3a36847f804d6f9
2454,5524,Andrew Adamson,Director,Directing,52fe4359c3a36847f804d6f3
2454,5524,Andrew Adamson,Producer,Production,52fe4359c3a36847f804d747
2454,5541,Philip Steuer,Producer,Production,52fe4359c3a36847f804d753
2454,5551,Christopher Markus,Screenplay,Writing,52fe4359c3a36847f804d6ff
2454,5552,Stephen McFeely,Screenplay,Writing,52fe4359c3a36847f804d705
24428,10850,Kevin Feige,Producer,Production,52fe4495c3a368484e02b1c9
24428,12891,Joss Whedon,Director,Directing,52fe4495c3a368484e02b1a1
24428,12891,Joss Whedon,Screenplay,Writing,52fe4495c3a368484e02b1ab
1865,770,Jerry Bruckheimer,Producer,Production,52fe431cc3a36847f803aedf
1865,1705,Ted Elliott,Screenplay,Writing,52fe431cc3a36847f803af33
1865,1706,Terry Rossio,Screenplay,Writing,52fe431cc3a36847f803af39
1865,17633,Rob Marshall,Director,Directing,52fe431cc3a36847f803af0f
41154,2212,Walter F. Parkes,Producer,Production,52fe45b7c3a36847f80d68bb
41154,5174,Barry Sonnenfeld,Director,Directing,52fe45b7c3a36847f80d6883
41154,8701,Laurie MacDonald,Producer,Production,52fe45b7c3a36847f80d68b5
41154,9613,Lowell Cunningham,Writer,Writing,52fe45b7c3a36847f80d6889
41154,52803,Etan Cohen,Screenplay,Writing,52fe45b7c3a36847f80d688f
122917,108,Peter Jackson,Director,Directing,52fe4a87c3a368484e158b65
122917,108,Peter Jackson,Producer,Production,5502d58e9251413d9f00465c
122917,108,Peter Jackson,Writer,Writing,55468e55c3a3680cd900732b
122917,126,Fran Walsh,Producer,Production,5502d5a09251413d9b004418
122917,126,Fran Walsh,Writer,Writing,55468e82c3a3680cd900732f
122917,128,Philippa Boyens,Writer,Writing,55468e94925141499f00380e
122917,3506,Carolynne Cunningham,Producer,Production,5502d57d925141275c003fab
122917,10828,Guillermo del Toro,Writer,Writing,55468eb79251413fc00043b4
122917,53393,Zane Weiner,Producer,Production,5502d5b3c3a36826b9002b98
1930,7627,Laura Ziskin,Producer,Production,52fe4323c3a36847f803d1bf
1930,7626,Avi Arad,Producer,Production,52fe4323c3a36847f803d1c5
1930,7630,Alvin Sargent,Screenplay,Writing,5362ae5c0e0a261dfe000356
1930,10967,Steve Kloves,Screenplay,Writing,5362ae690e0a261dfb0003b8
1930,20204,James Vanderbilt,Screenplay,Writing,52fe4323c3a36847f803d15d
1930,87742,Marc Webb,Director,Directing,52fe4323c3a36847f803d167
1930,977941,Matt Tolmach,Producer,Production,52fe4323c3a36847f803d1cb
20662,339,Brian Grazer,Producer,Production,52fe43f2c3a368484e0076ad
20662,578,Ridley Scott,Director,Directing,52fe43f2c3a368484e0076a7
20662,578,Ridley Scott,Producer,Production,52fe43f2c3a368484e0076bf
20662,934,Russell Crowe,Producer,Production,52fe43f2c3a368484e0076b9
20662,4723,Brian Helgeland,Screenplay,Writing,52fe43f2c3a368484e0076b3
57158,108,Peter Jackson,Director,Directing,52fe4926c3a36847f818b771
57158,108,Peter Jackson,Screenplay,Writing,52fe4926c3a36847f818b7a3
57158,108,Peter Jackson,Producer,Production,52fe4926c3a36847f818b81b
57158,126,Fran Walsh,Screenplay,Writing,52fe4926c3a36847f818b797
57158,126,Fran Walsh,Producer,Production,52fe4926c3a36847f818b821
57158,128,Philippa Boyens,Screenplay,Writing,52fe4926c3a36847f818b79d
57158,3506,Carolynne Cunningham,Producer,Production,52fe4926c3a36847f818b815
57158,10828,Guillermo del Toro,Screenplay,Writing,52fe4926c3a36847f818b7a9
57158,53393,Zane Weiner,Producer,Production,52fe4926c3a36847f818b827
2268,3288,Chris Weitz,Screenplay,Writing,52fe4348c3a36847f80485ed
2268,3288,Chris Weitz,Director,Directing,52fe4348c3a36847f80485e1
2268,23420,Bill Carraro,Producer,Production,52fe4348c3a36847f80485f3
2268,23421,Deborah Forte,Producer,Production,52fe4348c3a36847f80485f9
254,108,Peter Jackson,Director,Directing,52fe422ec3a36847f800a189
254,108,Peter Jackson,Producer,Production,52fe422ec3a36847f800a22b
254,126,Fran Walsh,Producer,Production,52fe422ec3a36847f800a231
254,3505,Jan Blenkin,Producer,Production,52fe422ec3a36847f800a21f
254,3506,Carolynne Cunningham,Producer,Production,52fe422ec3a36847f800a225
597,2710,James Cameron,Screenplay,Writing,52fe425ac3a36847f8017961
597,2710,James Cameron,Director,Directing,52fe425ac3a36847f801795b
597,2710,James Cameron,Producer,Production,537db555c3a368059b000d09
597,8529,Jon Landau,Producer,Production,537db578c3a3680598000dcf
271110,5551,Christopher Markus,Screenplay,Writing,537d79700e0a2624bd00116d
271110,5552,Stephen McFeely,Screenplay,Writing,537d79820e0a2624b400118a
271110,10850,Kevin Feige,Producer,Production,537d79eb0e0a2624b700118b
271110,19271,Anthony Russo,Director,Directing,537d792c0e0a2624c0001210
271110,19272,Joe Russo,Director,Directing,537d793e0e0a2624bd001166
44833,6870,Duncan Henderson,Producer,Production,52fe469ec3a36847f8108cff
44833,19282,Scott Stuber,Producer,Production,52fe469ec3a36847f8108d0b
44833,24308,Brian Goldner,Producer,Production,52fe469ec3a36847f8108cf9
44833,36602,Peter Berg,Director,Directing,52fe469ec3a36847f8108cc7
44833,36602,Peter Berg,Producer,Production,52fe469ec3a36847f8108cf3
44833,50769,Sarah Aubrey,Producer,Production,52fe469ec3a36847f8108ced
44833,112947,Erich Hoeber,Screenplay,Writing,52fe469ec3a36847f8108ce1
44833,112948,Jon Hoeber,Screenplay,Writing,52fe469ec3a36847f8108ce7
44833,937231,Bennett Schneir,Producer,Production,52fe469ec3a36847f8108d05
135397,664,Frank Marshall,Producer,Production,52fe4bf7c3a368484e1a0689
135397,25600,Patrick Crowley,Producer,Production,5549184ec3a36841b200025c
135397,67802,Rick Jaffa,Screenplay,Writing,52fe4bf7c3a368484e1a0671
135397,67803,Amanda Silver,Screenplay,Writing,52fe4bf7c3a368484e1a067d
135397,930707,Colin Trevorrow,Screenplay,Writing,55f0c11d9251416711000045
135397,930707,Colin Trevorrow,Director,Directing,52fe4bf7c3a368484e1a0695
135397,1020013,Derek Connolly,Screenplay,Writing,5549182592514104cd000255
37724,39,Sam Mendes,Director,Directing,52fe46689251416c91053755
37724,932,John Logan,Writer,Writing,52fe46689251416c9105377f
37724,10666,Barbara Broccoli,Producer,Production,52fe46689251416c91053749
37724,10783,Robert Wade,Writer,Writing,554b21c5c3a3685e550015aa
37724,10782,Neal Purvis,Writer,Writing,52fe46689251416c9105379b
37724,69678,Michael G. Wilson,Producer,Production,52fe46689251416c9105374f
558,7623,Sam Raimi,Director,Directing,52fe4252c3a36847f8015009
558,7627,Laura Ziskin,Producer,Production,52fe4252c3a36847f8015021
558,7626,Avi Arad,Producer,Production,52fe4252c3a36847f8015015
558,7630,Alvin Sargent,Screenplay,Writing,52fe4252c3a36847f801500f
558,20643,Lorne Orleans,Producer,Production,52fe4252c3a36847f801501b
68721,1108,Shane Black,Screenplay,Writing,52fe47a0c3a368484e0d15cb
68721,1108,Shane Black,Director,Directing,52fe479fc3a368484e0d1577
68721,10850,Kevin Feige,Producer,Production,52fe47a0c3a368484e0d15b9
68721,1239407,Drew Pearce,Screenplay,Writing,52fe47a0c3a368484e0d1657
12155,510,Tim Burton,Director,Directing,52fe44c09251416c7503fb1d
12155,550,Jennifer Todd,Producer,Production,52fe44c09251416c7503fb9f
12155,551,Suzanne Todd,Producer,Production,52fe44c09251416c7503fba5
12155,1297,Richard D. Zanuck,Producer,Production,52fe44c09251416c7503fbab
12155,8275,Katterli Frauenfelder,Producer,Production,52fe44c09251416c7503fb87
12155,18311,Joe Roth,Producer,Production,52fe44c09251416c7503fb99
12155,38792,Linda Woolverton,Screenplay,Writing,52fe44c09251416c7503fb4b
12155,959668,Derek Frey,Producer,Production,52fe44c09251416c7503fb8d
12155,1102209,Tom C. Peitzman,Producer,Production,52fe44c09251416c7503fb93
36668,2095,Ralph Winter,Producer,Production,538d820c0e0a266708006129
36668,7200,Lauren Shuler Donner,Producer,Production,538d81ef0e0a266718005cb8
36668,7626,Avi Arad,Producer,Production,538d81d80e0a266715005e4d
36668,11092,Simon Kinberg,Screenplay,Writing,52fe45ff9251416c910459e1
36668,11011,Zak Penn,Screenplay,Writing,52fe45ff9251416c910459e7
36668,11091,Brett Ratner,Director,Directing,52fe45ff9251416c910459db
62211,7880,Kori Rae,Producer,Production,52fe4675c3a368484e091de3
62211,7884,Daniel Gerson,Screenplay,Writing,53084038c3a368420b001f3e
62211,7931,Robert L. Baird,Screenplay,Writing,52fe4675c3a368484e091e47
62211,225976,Dan Scanlon,Screenplay,Writing,52fe4675c3a368484e091e3b
62211,225976,Dan Scanlon,Director,Directing,52fe4675c3a368484e091dd3
8373,865,Michael Bay,Director,Directing,52fe44a3c3a36847f80a19dd
8373,3183,Don Murphy,Producer,Production,537f071ac3a36805a4002c44
8373,9987,Ian Bryce,Producer,Production,537f06fcc3a3680592002ccf
8373,10952,Lorenzo di Bonaventura,Producer,Production,52fe44a3c3a36847f80a19e9
8373,15244,Ehren Kruger,Screenplay,Writing,52fe44a3c3a36847f80a19e3
8373,10994,Tom DeSanto,Producer,Production,537f073ac3a36805a1002c8b
91314,865,Michael Bay,Director,Directing,52fe48cc9251416c750b3abd
91314,3183,Don Murphy,Producer,Production,546c7d669251413059001025
91314,9987,Ian Bryce,Producer,Production,546c7d15c3a3680976001204
91314,10952,Lorenzo di Bonaventura,Producer,Production,546c7d47c3a3680970001258
91314,15244,Ehren Kruger,Screenplay,Writing,52fe48cc9251416c750b3adf
91314,10994,Tom DeSanto,Producer,Production,546c7d31c3a3680970001254
68728,7623,Sam Raimi,Director,Directing,52fe47a1c3a368484e0d19cd
68728,18311,Joe Roth,Producer,Production,52fe47a1c3a368484e0d1a3f
68728,21218,Mitchell Kapner,Screenplay,Writing,52fe47a1c3a368484e0d19d9
68728,23766,David Lindsay-Abaire,Screenplay,Writing,52fe47a1c3a368484e0d1a1b
102382,7626,Avi Arad,Producer,Production,52fe4a07c3a36847f81b4799
102382,15345,Alex Kurtzman,Screenplay,Writing,52fe4a07c3a36847f81b47bd
102382,15346,Roberto Orci,Screenplay,Writing,52fe4a07c3a36847f81b47c3
102382,87742,Marc Webb,Director,Directing,52fe4a07c3a36847f81b4773
102382,168309,Jeff Pinkner,Screenplay,Writing,52fe4a07c3a36847f81b47c9
102382,977941,Matt Tolmach,Producer,Production,52fe4a07c3a36847f81b479f
20526,12859,Steven Lisberger,Screenplay,Writing,52fe43eac3a368484e005c9f
20526,12859,Steven Lisberger,Producer,Production,52fe43eac3a368484e005cb1
20526,20908,Jeffrey Silver,Producer,Production,52fe43eac3a368484e005cb7
20526,39387,Sean Bailey,Producer,Production,52fe43eac3a368484e005cab
20526,73570,Richard Jefferies,Screenplay,Writing,52fe43eac3a368484e005c93
20526,86270,Joseph Kosinski,Director,Directing,52fe43eac3a368484e005c87
20526,1214366,Edward Kitsis,Screenplay,Writing,55d9d48a92514143de00512f
20526,1214367,Adam Horowitz,Screenplay,Writing,55d9d59892514143f0004b53
49013,7879,John Lasseter,Director,Directing,52fe477fc3a36847f8139271
49013,32532,Brad Lewis,Director,Directing,52fe477fc3a36847f8139277
49013,129975,Ben Queen,Screenplay,Writing,544fba8e0e0a263a0a002044
49013,970529,Denise Ream,Producer,Production,52fe4780c3a36847f81392b9
44912,10296,Michael Goldenberg,Screenplay,Writing,52fe46a3c3a36847f8109ed5
44912,10702,Martin Campbell,Director,Directing,52fe46a3c3a36847f8109e99
44912,58470,Donald De Line,Producer,Production,52fe46a3c3a36847f8109ef1
44912,88967,Greg Berlanti,Screenplay,Writing,52fe46a3c3a36847f8109ecf
44912,88967,Greg Berlanti,Producer,Production,52fe46a3c3a36847f8109eeb
44912,171830,Marc Guggenheim,Screenplay,Writing,52fe46a3c3a36847f8109f2b
44912,191937,Michael Green,Screenplay,Writing,52fe46a3c3a36847f8109f31
44912,211962,Geoff Johns,Producer,Production,52fe46a3c3a36847f8109f03
10193,8,Lee Unkrich,Director,Directing,52fe433f9251416c75009141
10193,7879,John Lasseter,Producer,Production,52fe433f9251416c75009147
10193,7878,Darla K. Anderson,Producer,Production,52fe433f9251416c75009153
10193,16961,Michael Arndt,Screenplay,Writing,52fe433f9251416c7500914d
534,7214,John D. Brancato,Writer,Writing,52fe424ec3a36847f801401f
534,7215,Michael Ferris,Writer,Writing,52fe424ec3a36847f8014025
534,36425,McG,Director,Directing,52fe424ec3a36847f8013feb
534,20295,Moritz Borman,Producer,Production,52fe424ec3a36847f801400d
534,20908,Jeffrey Silver,Producer,Production,52fe424ec3a36847f8014019
534,81142,Derek Anderson,Producer,Production,52fe424ec3a36847f8014007
534,964905,Victor Kubicek,Producer,Production,52fe424ec3a36847f8014013
168259,2127,James Wan,Director,Directing,52fe4cc8c3a36847f823e699
168259,8181,Michael Fottrell,Producer,Production,554fa7f2c3a3682254004803
168259,11874,Neal H. Moritz,Producer,Production,52fe4cc8c3a36847f823e687
168259,12835,Vin Diesel,Producer,Production,52fe4cc8c3a36847f823e681
168259,58191,Chris Morgan,Writer,Writing,52fe4cc8c3a36847f823e68d
168259,75826,Brandon Birtell,Producer,Production,554fa80292514110bd002aa8
72190,287,Brad Pitt,Producer,Production,52fe485dc3a368484e0f50f9
72190,9987,Ian Bryce,Producer,Production,52fe485dc3a368484e0f50e7
72190,12995,Marc Forster,Director,Directing,52fe485dc3a368484e0f505d
72190,20458,Dede Gardner,Producer,Production,52fe485dc3a368484e0f50ed
72190,36603,Matthew Michael Carnahan,Screenplay,Writing,52fe485dc3a368484e0f509f
72190,47506,Drew Goddard,Screenplay,Writing,52fe485dc3a368484e0f50a5
72190,28974,Damon Lindelof,Screenplay,Writing,52fe485dc3a368484e0f50ab
72190,967387,Jeremy Kleiner,Producer,Production,52fe485dc3a368484e0f50f3
127585,7200,Lauren Shuler Donner,Producer,Production,52fe4affc3a368484e172059
127585,9032,Bryan Singer,Director,Directing,52fe4affc3a368484e171ff1
127585,9032,Bryan Singer,Producer,Production,52fe4affc3a368484e17205f
127585,11092,Simon Kinberg,Screenplay,Writing,54408f6bc3a3686098000810
127585,11092,Simon Kinberg,Producer,Production,52fe4affc3a368484e172077
127585,584598,Hutch Parker,Producer,Production,574f51b9925141185c0002be
54138,15344,J.J. Abrams,Director,Directing,52fe488dc3a36847f816d7b1
54138,15344,J.J. Abrams,Producer,Production,52fe488dc3a36847f816d78f
54138,15345,Alex Kurtzman,Screenplay,Writing,52fe488dc3a36847f816d79b
54138,15345,Alex Kurtzman,Producer,Production,52fe488dc3a36847f816d7f1
54138,15346,Roberto Orci,Screenplay,Writing,52fe488dc3a36847f816d7a7
54138,15346,Roberto Orci,Producer,Production,52fe488dc3a36847f816d7fd
54138,28977,Bryan Burk,Producer,Production,52fe488dc3a36847f816d795
54138,28974,Damon Lindelof,Screenplay,Writing,52fe488dc3a36847f816d7a1
54138,28974,Damon Lindelof,Producer,Production,52fe488dc3a36847f816d7f7
81005,9032,Bryan Singer,Director,Directing,52fe47f09251416c9107aa75
81005,9033,Christopher McQuarrie,Screenplay,Writing,52fe47ef9251416c9107aa15
81005,42994,David Dobkin,Producer,Production,52fe47f09251416c9107aa7b
81005,188869,Dan Studney,Screenplay,Writing,52fe47ef9251416c9107aa1b
81005,582919,Darren Lemke,Screenplay,Writing,52fe47ef9251416c9107aa0f
64682,6201,Baz Luhrmann,Screenplay,Writing,52fe46e3c3a368484e0a97a1
64682,6201,Baz Luhrmann,Director,Directing,52fe46e3c3a368484e0a977f
64682,6201,Baz Luhrmann,Producer,Production,52fe46e3c3a368484e0a97c9
64682,6203,Catherine Martin,Producer,Production,52fe46e3c3a368484e0a97d5
64682,6211,Craig Pearce,Screenplay,Writing,52fe46e3c3a368484e0a97a7
64682,12202,Catherine Knapman,Producer,Production,52fe46e3c3a368484e0a97cf
64682,19862,Lucy Fisher,Producer,Production,52fe46e3c3a368484e0a97c3
9543,770,Jerry Bruckheimer,Producer,Production,52fe4507c3a36847f80b80dd
9543,10723,Mike Newell,Director,Directing,52fe4507c3a36847f80b80d3
9543,52358,Boaz Yakin,Screenplay,Writing,52fe4507c3a36847f80b80ff
9543,81203,Doug Miro,Screenplay,Writing,52fe4507c3a36847f80b8105
9543,121479,Carlo Bernard,Screenplay,Writing,52fe4507c3a36847f80b810b
68726,10828,Guillermo del Toro,Director,Directing,52fe47a0c3a368484e0d1841
68726,114016,Travis Beacham,Screenplay,Writing,52fe47a0c3a368484e0d1853
68726,10828,Guillermo del Toro,Screenplay,Writing,52fe47a0c3a368484e0d1885
68726,10828,Guillermo del Toro,Producer,Production,5352683f0e0a2655fe002f89
68726,61091,Jon Jashni,Producer,Production,535268ae0e0a2655fe002f98
68726,114408,Mary Parent,Producer,Production,535268c10e0a26560e002f8e
68726,54211,Thomas Tull,Producer,Production,535268d20e0a265603003055
38356,865,Michael Bay,Director,Directing,52fe46af9251416c9105c5eb
38356,3183,Don Murphy,Producer,Production,537f0aad0e0a2624c0004456
38356,9987,Ian Bryce,Producer,Production,537f0a680e0a2624b700453e
38356,10952,Lorenzo di Bonaventura,Producer,Production,537f0a970e0a2624cb0041bc
38356,15244,Ehren Kruger,Screenplay,Writing,52fe46af9251416c9105c5f1
38356,10118,Kenny Bates,Producer,Production,537f0a2b0e0a2624c3004286
38356,10994,Tom DeSanto,Producer,Production,537f0a7f0e0a2624cb0041b5
217,488,Steven Spielberg,Director,Directing,52fe4227c3a36847f800846d
217,508,David Koepp,Screenplay,Writing,52fe4227c3a36847f8008473
217,664,Frank Marshall,Producer,Production,52fe4227c3a36847f8008483
105864,7879,John Lasseter,Producer,Production,52fe4a58c3a36847f81c89f5
105864,21198,Peter Sohn,Director,Directing,546aa774c3a3680d780004e3
105864,970529,Denise Ream,Producer,Production,52fe4a58c3a36847f81c8a33
105864,1457025,Meg LeFauve,Screenplay,Writing,564b7a6ac3a36860280040aa
62177,7901,Katherine Sarafian,Producer,Production,52fe4674c3a368484e091951
62177,56041,Irene Mecchi,Screenplay,Writing,52fe4674c3a368484e091937
62177,59803,Brenda Chapman,Screenplay,Writing,52fe4674c3a368484e091931
62177,59803,Brenda Chapman,Director,Directing,52fe4674c3a368484e091925
62177,126638,Mark Andrews,Screenplay,Writing,52fe4674c3a368484e09190d
62177,126638,Mark Andrews,Director,Directing,52fe4674c3a368484e091919
62177,137262,Steve Purcell,Screenplay,Writing,52fe4674c3a368484e091913
62177,137262,Steve Purcell,Director,Directing,52fe4674c3a368484e09191f
188927,11108,Simon Pegg,Screenplay,Writing,55b6663ac3a36822720001b9
188927,15344,J.J. Abrams,Producer,Production,52fe4d489251416c751360b5
188927,15346,Roberto Orci,Producer,Production,5767babc9251412e1c00043f
188927,28977,Bryan Burk,Producer,Production,5767baa4c3a3680f3b00042b
188927,58189,Justin Lin,Director,Directing,549da5f9c3a368764f001ff1
188927,58189,Justin Lin,Producer,Production,57eea2c89251416cd600817d
188927,65779,Doug Jung,Screenplay,Writing,55b6664e92514120e3000163
10681,7,Andrew Stanton,Screenplay,Writing,52fe43a29251416c75018101
10681,7,Andrew Stanton,Director,Directing,52fe43a29251416c750180d1
10681,72752,Jim Morris,Producer,Production,52fe43a29251416c750180dd
10681,72753,Lindsey Collins,Producer,Production,52fe43a29251416c750180e3
10681,15020,Jim Reardon,Screenplay,Writing,52fe43a29251416c750180fb
5174,2689,Jeff Nathanson,Screenplay,Writing,52fe43fac3a36847f807b587
5174,4504,Roger Birnbaum,Producer,Production,52fe43fac3a36847f807b593
5174,11091,Brett Ratner,Director,Directing,52fe43fac3a36847f807b561
5174,21635,Jonathan Glickman,Producer,Production,52fe43fac3a36847f807b59f
5174,21636,Arthur M. Sarkissian,Producer,Production,52fe43fac3a36847f807b5a5
5174,41896,Jay Stern,Producer,Production,52fe43fac3a36847f807b599
14161,511,Larry J. Franco,Producer,Production,52fe45d29251416c750639d1
14161,5430,Harald Kloser,Writer,Writing,52fe45d29251416c750639b5
14161,5430,Harald Kloser,Producer,Production,52fe45d29251416c750639dd
14161,6046,Roland Emmerich,Director,Directing,52fe45d29251416c75063965
14161,6046,Roland Emmerich,Writer,Writing,52fe45d29251416c750639af
14161,6048,Mark Gordon,Producer,Production,52fe45d29251416c750639d7
14161,27952,Volker Engel,Producer,Production,52fe45d29251416c750639cb
14161,947478,Marc Weigert,Producer,Production,52fe45d29251416c750639e3
14161,1102080,Aaron Boyd,Producer,Production,52fe45d29251416c750639c5
14161,1102081,Kirstin Winkler,Producer,Production,52fe45d29251416c750639fb
17979,24,Robert Zemeckis,Screenplay,Writing,52fe47589251416c75096017
17979,24,Robert Zemeckis,Director,Directing,52fe47589251416c75096009
76757,8528,Grant Hill,Producer,Production,5535bb6392514152aa000e4b
76757,9339,Lilly Wachowski,Director,Directing,52fe494bc3a368484e124457
76757,9339,Lilly Wachowski,Producer,Production,5535bb7192514166aa0016ce
76757,9339,Lilly Wachowski,Writer,Writing,5535bb439251414716001965
76757,9340,Lana Wachowski,Director,Directing,52fe494bc3a368484e124451
76757,9340,Lana Wachowski,Writer,Writing,5535bb4e92514142b2000e8d
76757,9340,Lana Wachowski,Producer,Production,5535bb7d9251414716001970
258489,1707,Stuart Beattie,Screenplay,Writing,551b7049c3a3687682001710
258489,11343,David Yates,Director,Directing,535a4469c3a36847a900129c
258489,53267,Craig Brewer,Screenplay,Writing,551b705b9251413f6f000bba
258489,55474,John Collee,Writer,Writing,551b70709251414af30019a5
258489,1106745,Adam Cozad,Screenplay,Writing,551b70689251414ae40018fe
411,4854,David Minkowski,Producer,Production,52fe4240c3a36847f800fd91
411,4856,Matthew Stillman,Producer,Production,52fe4240c3a36847f800fd97
411,5162,Mark Johnson,Producer,Production,52fe4240c3a36847f800fd31
411,5524,Andrew Adamson,Director,Directing,52fe4240c3a36847f800fcbf
411,5524,Andrew Adamson,Screenplay,Writing,52fe4240c3a36847f800fd79
411,5541,Philip Steuer,Producer,Production,52fe4240c3a36847f800fd2b
411,5543,Douglas Gresham,Producer,Production,52fe4240c3a36847f800fd37
411,5545,K.C. Hodenfield,Producer,Production,52fe4240c3a36847f800fd49
411,5550,Ann Peacock,Screenplay,Writing,52fe4240c3a36847f800fd73
411,5551,Christopher Markus,Screenplay,Writing,52fe4240c3a36847f800fd7f
411,5552,Stephen McFeely,Screenplay,Writing,52fe4240c3a36847f800fd85
246655,7200,Lauren Shuler Donner,Producer,Production,52fe4f19c3a36847f82bd4bb
246655,9032,Bryan Singer,Director,Directing,52fe4f19c3a36847f82bd48b
246655,9032,Bryan Singer,Writer,Writing,52fe4f19c3a36847f82bd4a3
246655,11092,Simon Kinberg,Producer,Production,52fe4f19c3a36847f82bd4b5
246655,11092,Simon Kinberg,Writer,Writing,52fe4f19c3a36847f82bd49d
246655,11012,Michael Dougherty,Writer,Writing,52fe4f19c3a36847f82bd491
246655,11013,Dan Harris,Writer,Writing,52fe4f19c3a36847f82bd497
155,282,Charles Roven,Producer,Production,52fe421fc3a36847f8005ce7
155,525,Christopher Nolan,Screenplay,Writing,52fe4220c3a36847f8005d03
155,525,Christopher Nolan,Director,Directing,52fe421fc3a36847f8005cbb
155,525,Christopher Nolan,Producer,Production,52fe421fc3a36847f8005ce1
155,527,Jonathan Nolan,Screenplay,Writing,52fe421fc3a36847f8005cc5
155,556,Emma Thomas,Producer,Production,52fe421fc3a36847f8005ced
155,20643,Lorne Orleans,Producer,Production,56b632bb9251414a25003d55
14160,10,Bob Peterson,Screenplay,Writing,52fe45d19251416c75063871
14160,7940,Jonas Rivera,Producer,Production,5683b65d92514132db0152f4
14160,12890,Pete Docter,Screenplay,Writing,568c7cdf92514132db02e56a
14160,12890,Pete Docter,Director,Directing,5692ed0e9251414453000a9c
15512,12080,Conrad Vernon,Director,Directing,52fe46639251416c75076a45
15512,486,Wallace Wolodarsky,Screenplay,Writing,52fe46639251416c75076a51
15512,57743,Glenn Berger,Screenplay,Writing,52fe46639251416c75076a5d
15512,57744,Jonathan Aibel,Screenplay,Writing,52fe46639251416c75076a57
15512,67360,Maya Forbes,Screenplay,Writing,52fe46639251416c75076a4b
15512,65630,Rob Letterman,Director,Directing,52fe46639251416c75076a39
15512,65630,Rob Letterman,Screenplay,Writing,52fe46639251416c75076a3f
1726,7626,Avi Arad,Producer,Production,52fe4311c3a36847f8037edd
1726,10850,Kevin Feige,Producer,Production,579489aac3a3687605001e64
1726,15277,Jon Favreau,Director,Directing,52fe4311c3a36847f8038059
1726,18873,Art Marcum,Screenplay,Writing,52fe4311c3a36847f8037e9d
1726,18875,Matt Holloway,Screenplay,Writing,52fe4311c3a36847f8037ea3
44826,85,Johnny Depp,Producer,Production,52fe469ec3a36847f8108b6f
44826,932,John Logan,Screenplay,Writing,52fe469ec3a36847f8108b7b
44826,1032,Martin Scorsese,Director,Directing,52fe469dc3a36847f8108b2f
44826,1032,Martin Scorsese,Producer,Production,52fe469ec3a36847f8108b69
44826,16729,Graham King,Producer,Production,52fe469ec3a36847f8108b8d
44826,114479,Tim Headington,Producer,Production,52fe469ec3a36847f8108b87
44826,938234,Brian Selznick,Writer,Writing,52fe469ec3a36847f8108b81
8487,3805,Jon Peters,Producer,Production,52fe44adc3a36847f80a3baf
8487,5174,Barry Sonnenfeld,Director,Directing,52fe44adc3a36847f80a3b91
8487,5174,Barry Sonnenfeld,Producer,Production,52fe44adc3a36847f80a3bb5
8487,12100,Jeffrey Price,Screenplay,Writing,52fe44adc3a36847f80a3ba3
8487,12101,Peter S. Seaman,Screenplay,Writing,52fe44adc3a36847f80a3ba9
8487,26475,Brent Maddock,Screenplay,Writing,52fe44adc3a36847f80a3b9d
8487,26479,S. S. Wilson,Screenplay,Writing,52fe44adc3a36847f80a3b97
1735,7775,Stephen Sommers,Producer,Production,52fe4312c3a36847f80384db
1735,7779,Sean Daniel,Producer,Production,52fe4312c3a36847f80384bf
1735,18878,Rob Cohen,Director,Directing,52fe4312c3a36847f80384ad
1735,18923,Miles Millar,Screenplay,Writing,52fe4312c3a36847f80384b3
1735,18924,Alfred Gough,Screenplay,Writing,52fe4312c3a36847f80384b9
297761,282,Charles Roven,Producer,Production,58415a5a9251417d590062b1
297761,19769,David Ayer,Director,Directing,545b5776c3a368535300113d
297761,19769,David Ayer,Writer,Writing,5786e93c92514133120006bc
297761,18953,Richard Suckle,Producer,Production,58415a6f9251417d4d005fb4
2698,4489,Steve Oedekerk,Screenplay,Writing,52fe4365c3a36847f8051421
2698,4499,Tom Shadyac,Director,Directing,52fe4365c3a36847f805141b
2698,4499,Tom Shadyac,Producer,Production,52fe4365c3a36847f8051427
2698,4504,Roger Birnbaum,Producer,Production,52fe4365c3a36847f8051433
2698,4505,Michael Bostick,Producer,Production,52fe4365c3a36847f805143f
2698,4507,Gary Barber,Producer,Production,52fe4365c3a36847f805142d
2698,11874,Neal H. Moritz,Producer,Production,52fe4365c3a36847f8051439
137113,10950,Erwin Stoff,Producer,Production,54124f4bc3a3682f5900050e
137113,8702,Jason Hoffs,Producer,Production,52fe4c27c3a368484e1aa201
137113,9033,Christopher McQuarrie,Screenplay,Writing,52fe4c27c3a368484e1aa1e3
137113,11694,Doug Liman,Director,Directing,52fe4c27c3a368484e1aa1cb
137113,20908,Jeffrey Silver,Producer,Production,54124f3c0e0a2673140004f3
137113,21339,Jez Butterworth,Screenplay,Writing,54124eeb0e0a26730a000529
137113,53756,Tom Lassally,Producer,Production,54124f260e0a267317000529
137113,119665,Gregory Jacobs,Producer,Production,54124f19c3a3682f6b0004c0
137113,120254,John-Henry Butterworth,Screenplay,Writing,54124f010e0a267317000523
9804,1093,Lawrence Gordon,Producer,Production,52fe4530c3a36847f80c1465
9804,1269,Kevin Costner,Producer,Production,52fe4530c3a36847f80c1453
9804,2043,John Davis,Producer,Production,52fe4530c3a36847f80c1459
9804,7681,Charles Gordon,Producer,Production,52fe4530c3a36847f80c145f
9804,8300,Kevin Reynolds,Director,Directing,574a3810c3a368302400197d
14869,1707,Stuart Beattie,Screenplay,Writing,52fe46229251416c7506e4dd
14869,10952,Lorenzo di Bonaventura,Producer,Production,533407e8c3a3680a1e0016a3
14869,7775,Stephen Sommers,Director,Directing,52fe46229251416c7506e4d7
14869,7784,Bob Ducsay,Producer,Production,53340804c3a3682a87001d3a
14869,24308,Brian Goldner,Producer,Production,53340821c3a3682a94001cbe
14869,34672,David Elliot,Screenplay,Writing,52fe46229251416c7506e4e3
14869,84768,Paul Lovett,Screenplay,Writing,52fe46229251416c7506e4e9
150540,7940,Jonas Rivera,Producer,Production,52fe4ae69251416c910c9615
150540,12890,Pete Docter,Director,Directing,52fe4ae69251416c910c9609
150540,12890,Pete Docter,Screenplay,Writing,560988d5925141719c00003b
150540,84496,Josh Cooley,Screenplay,Writing,560988c9925141718f000053
150540,1457025,Meg LeFauve,Screenplay,Writing,5535056992514152910076a7
278927,15277,Jon Favreau,Director,Directing,53ad9ba50e0a26597d00246a
278927,15277,Jon Favreau,Producer,Production,5715084a92514146c8000749
278927,78428,Justin Marks,Screenplay,Writing,571508679251413d2200085b
278927,1607513,Brigham Taylor,Producer,Production,57150857c3a368673d00b3ad
10138,15009,Justin Theroux,Screenplay,Writing,52fe43329251416c750072bb
10138,10850,Kevin Feige,Producer,Production,52fe43329251416c750072f7
10138,15277,Jon Favreau,Director,Directing,52fe43329251416c750072b1
10138,113674,Victoria Alonso,Producer,Production,52fe43329251416c750072fd
10138,113675,Jeremy Latcham,Producer,Production,52fe43329251416c75007303
58595,136,Sam Mercer,Producer,Production,52fe496ac3a36847f8198f61
58595,18311,Joe Roth,Producer,Production,52fe496ac3a36847f8198f6d
58595,54040,John Lee Hancock,Screenplay,Writing,52fe496ac3a36847f8198f97
58595,56960,Hossein Amini,Screenplay,Writing,567e736ec3a3684be9009489
58595,228134,Rupert Sanders,Director,Directing,52fe496ac3a36847f8198f91
58595,228135,Evan Daugherty,Screenplay,Writing,52fe496ac3a36847f8198f31
102651,12824,Don Hahn,Producer,Production,52fe4a0cc3a36847f81b5ca5
102651,38792,Linda Woolverton,Screenplay,Writing,52fe4a0cc3a36847f81b5cbf
102651,1032536,Robert Stromberg,Director,Directing,52fe4a0cc3a36847f81b5cb9
119450,18189,Mark Bomback,Writer,Writing,544dbc890e0a26134b0002c0
119450,32278,Matt Reeves,Director,Directing,52fe4c01c3a36847f821cf1b
119450,67802,Rick Jaffa,Producer,Production,544dbcd60e0a2608bb003a72
119450,67802,Rick Jaffa,Writer,Writing,544dbc97c3a36872b40038db
119450,67803,Amanda Silver,Producer,Production,544dbce20e0a26134b0002cb
119450,67803,Amanda Silver,Writer,Writing,544dbcb00e0a2608c8003a28
119450,266920,Peter Chernin,Producer,Production,52fe4c01c3a36847f821cf0b
119450,935717,Dylan Clark,Producer,Production,52fe4c01c3a36847f821cf11
79698,8965,Roland Joffé,Director,Directing,52fe49e0c3a368484e145049
79698,8965,Roland Joffé,Writer,Writing,5719eddac3a368526b0017d3
79698,48309,Paul Breuls,Producer,Production,52fe49e0c3a368484e145055
79698,48310,Catherine Vandeleene,Producer,Production,5719ee61925141115500184b
79698,62927,Guy J. Louthan,Producer,Production,5719ee4f925141715d000b62
79698,322424,Grant Bradley,Producer,Production,5719ee299251414ef4001057
79698,587816,Ajey Jhankar,Producer,Production,5719ee3b9251414e9700102b
79698,941088,Dale G. Bradley,Producer,Production,5719ee18c3a368526b0017e1
64686,2445,Eric McLeod,Producer,Production,52fe46e4c3a368484e0a98ef
64686,5378,Pamela Abdy,Producer,Production,52fe46e4c3a368484e0a98e9
64686,19282,Scott Stuber,Producer,Production,52fe46e4c3a368484e0a98e3
64686,58191,Chris Morgan,Screenplay,Writing,52fe46e4c3a368484e0a98f5
64686,56960,Hossein Amini,Screenplay,Writing,52fe46e4c3a368484e0a98fb
64686,239571,Carl Rinsch,Director,Directing,52fe46e4c3a368484e0a98c9
100402,5551,Christopher Markus,Screenplay,Writing,52fe49d8c3a36847f81a95c1
100402,5552,Stephen McFeely,Screenplay,Writing,52fe49d8c3a36847f81a95c7
100402,10850,Kevin Feige,Producer,Production,53dee4ae0e0a265a9600350a
100402,19271,Anthony Russo,Director,Directing,52fe49d8c3a36847f81a9595
100402,19272,Joe Russo,Director,Directing,52fe49d8c3a36847f81a958f
10192,12081,William Steig,Writer,Writing,52fe433f9251416c75009101
10192,64151,Mike Mitchell,Director,Directing,52fe433f9251416c750090bf
10192,113664,Josh Klausner,Writer,Writing,52fe433f9251416c75009107
10192,582919,Darren Lemke,Writer,Writing,52fe433f9251416c7500910d
158852,7087,Brad Bird,Screenplay,Writing,543f6762c3a3685e33000f8c
158852,7087,Brad Bird,Director,Directing,543d1cbac3a36815de00193f
158852,7087,Brad Bird,Producer,Production,55fd3e43c3a36813250007a3
158852,40592,Jeffrey Chernov,Producer,Production,55fd3e50c3a36813340007d9
158852,28974,Damon Lindelof,Screenplay,Writing,543f67770e0a264aea000d62
158852,28974,Damon Lindelof,Producer,Production,52fe4bfa9251416c910eb84b
177572,7884,Daniel Gerson,Screenplay,Writing,54da6838925141619e000169
177572,7931,Robert L. Baird,Screenplay,Writing,54da6850925141618c000165
177572,56612,Roy Conli,Producer,Production,537534f4c3a3681ee10002df
177572,70238,Chris Williams,Director,Directing,53752d53c3a3681ee900021c
177572,78600,Jordan Roberts,Screenplay,Writing,54da681e9251416191000193
177572,227439,Don Hall,Director,Directing,52fe4d89c3a36847f8266145
82690,69798,Clark Spencer,Producer,Production,52fe486a9251416c9108bcb9
82690,165787,Rich Moore,Director,Directing,52fe486a9251416c9108bca7
82690,567562,Phil Johnston,Screenplay,Writing,52fe486b9251416c9108bd19
82690,928605,Monica Lago-Kaytis,Producer,Production,52fe486a9251416c9108bcad
82690,1120694,Jennifer Lee,Screenplay,Writing,52fe486b9251416c9108bd13
5255,24,Robert Zemeckis,Director,Directing,52fe4400c3a36847f807c92d
5255,24,Robert Zemeckis,Screenplay,Writing,52fe4400c3a36847f807c933
5255,24,Robert Zemeckis,Producer,Production,52fe4400c3a36847f807c957
5255,30,Steve Starkey,Producer,Production,52fe4400c3a36847f807c94b
5255,142,William Broyles Jr.,Screenplay,Writing,52fe4400c3a36847f807c93f
5255,27098,Gary Goetzman,Producer,Production,52fe4400c3a36847f807c945
5255,42357,William Teitler,Producer,Production,52fe4400c3a36847f807c951
47933,5430,Harald Kloser,Producer,Production,5763ccf992514145d20008b3
47933,6046,Roland Emmerich,Screenplay,Writing,53c2bb9fc3a3684cec00850a
47933,6046,Roland Emmerich,Director,Directing,52fe474ec3a36847f812e6eb
47933,6046,Roland Emmerich,Producer,Production,5763cce6c3a36860a5000022
47933,8676,Dean Devlin,Screenplay,Writing,53c2bb94c3a3687e59007ff1
47933,8676,Dean Devlin,Producer,Production,5763ccd3c3a3685f7000002a
47933,20204,James Vanderbilt,Screenplay,Writing,5763cc579251412477000ccc
47933,73609,Nicolas Wright,Screenplay,Writing,5763cc179251411554000008
47933,80019,James A. Woods,Screenplay,Writing,5763cc2ec3a3685fad00001c
10191,12894,Bonnie Arnold,Producer,Production,52fe433e9251416c75009009
10191,66193,Chris Sanders,Screenplay,Writing,52fe433e9251416c7500904b
10191,66193,Chris Sanders,Director,Directing,52fe433e9251416c75009033
10191,69797,Dean DeBlois,Screenplay,Writing,52fe433e9251416c75009045
10191,69797,Dean DeBlois,Director,Directing,52fe433e9251416c7500902d
10191,138615,Will Davies,Screenplay,Writing,52fe433e9251416c7500903f
296,3986,Mario Kassar,Producer,Production,52fe4234c3a36847f800bce3
296,7213,Jonathan Mostow,Director,Directing,52fe4233c3a36847f800bc99
296,7214,John D. Brancato,Screenplay,Writing,52fe4233c3a36847f800bc9f
296,7215,Michael Ferris,Screenplay,Writing,52fe4233c3a36847f800bca5
296,7227,Hal Lieberman,Producer,Production,52fe4234c3a36847f800bcd7
296,7228,Joel B. Michaels,Producer,Production,52fe4234c3a36847f800bcdd
296,56967,Andrew G. Vajna,Producer,Production,52fe4234c3a36847f800bd3d
296,66185,Matthias Deyle,Producer,Production,556e2be5925141422c001378
296,1282435,Colin Wilson,Producer,Production,52fe4234c3a36847f800bd43
118340,10850,Kevin Feige,Producer,Production,52fe4bd5c3a36847f8215d23
118340,15218,James Gunn,Screenplay,Writing,52fe4bd5c3a36847f8215d65
118340,15218,James Gunn,Director,Directing,52fe4bd5c3a36847f8215d0b
118340,1171123,Nicole Perlman,Screenplay,Writing,52fe4bd5c3a36847f8215d43
157336,525,Christopher Nolan,Director,Directing,52fe4bbf9251416c910e47c1
157336,525,Christopher Nolan,Producer,Production,52fe4bbf9251416c910e47ed
157336,525,Christopher Nolan,Writer,Writing,5505e4dac3a36862e900346c
157336,527,Jonathan Nolan,Writer,Writing,5505e4cb92514179fb000a9a
157336,556,Emma Thomas,Producer,Production,5319bc8592514177c20025a7
157336,2162,Lynda Obst,Producer,Production,52fe4bbf9251416c910e47e7
27205,525,Christopher Nolan,Screenplay,Writing,52fe4534c3a368484e04de55
27205,525,Christopher Nolan,Director,Directing,52fe4534c3a368484e04de4b
27205,525,Christopher Nolan,Producer,Production,52fe4534c3a368484e04de2d
27205,556,Emma Thomas,Producer,Production,52fe4534c3a368484e04de33
315011,77921,Hideaki Anno,Director,Directing,560892fa92514177550018b2
315011,77921,Hideaki Anno,Screenplay,Writing,57e5f687c3a368222700290d
315011,80752,Shinji Higuchi,Director,Directing,560893069251411adb000e1b
315011,132118,Kazutoshi Wadakura,Producer,Production,5921d3949251414add059ea4
315011,1109004,Yoshihiro Satô,Producer,Production,5921d36e9251414a7b05cda9
315011,1537404,Taichi Ueda,Producer,Production,5921d3889251414a7b05cdb7
315011,1821075,Masaya Shibusawa,Producer,Production,5921d37c92514149f305b328
49051,108,Peter Jackson,Screenplay,Writing,52fe4784c3a36847f813a055
49051,108,Peter Jackson,Director,Directing,52fe4783c3a36847f8139f7f
49051,108,Peter Jackson,Producer,Production,52fe4784c3a36847f8139fe9
49051,126,Fran Walsh,Screenplay,Writing,52fe4784c3a36847f813a049
49051,126,Fran Walsh,Producer,Production,52fe4784c3a36847f8139fef
49051,128,Philippa Boyens,Screenplay,Writing,52fe4784c3a36847f813a04f
49051,3506,Carolynne Cunningham,Producer,Production,52fe4784c3a36847f8139fe3
49051,10828,Guillermo del Toro,Screenplay,Writing,52fe4784c3a36847f813a05b
49051,53393,Zane Weiner,Producer,Production,52fe4784c3a36847f813a089
9799,8162,Gary Scott Thompson,Screenplay,Writing,52fe452fc3a36847f80c103f
9799,11874,Neal H. Moritz,Producer,Production,52fe452fc3a36847f80c1057
9799,19769,David Ayer,Screenplay,Writing,52fe452fc3a36847f80c104b
9799,18878,Rob Cohen,Director,Directing,52fe452fc3a36847f80c102d
9799,59327,Erik Bergquist,Screenplay,Writing,52fe452fc3a36847f80c1045
