id,name
65731,Sam Worthington
8691,Zoe Saldana
10205,Sigourney Weaver
32747,Stephen Lang
17647,Michelle Rodriguez
1771,Giovanni Ribisi
59231,Joel David Moore
30485,CCH Pounder
15853,Wes Studi
10964,Laz Alonso
2710,James Cameron
8529,Jon Landau
85,Johnny Depp
114,Orlando Bloom
116,Keira Knightley
1640,Stellan Skarsgård
1619,Chow Yun-fat
2440,Bill Nighy
118,Geoffrey Rush
1709,Jack Davenport
2449,Kevin McNally
2441,Tom Hollander
1704,Gore Verbinski
770,Jerry Bruckheimer
1705,Ted Elliott
1706,Terry Rossio
2445,Eric McLeod
2446,Chad Oman
2447,Peter Kohn
2448,Pat Sandston
8784,Daniel Craig
27319,Christoph Waltz
121529,Léa Seydoux
5469,Ralph Fiennes
28782,Monica Bellucci
17064,Ben Whishaw
2038,Naomie Harris
543530,Dave Bautista
125660,Andrew Scott
139549,Rory Kinnear
39,Sam Mendes
932,John Logan
10666,Barbara Broccoli
10783,Robert Wade
10782,Neal Purvis
21339,Jez Butterworth
69678,Michael G. Wilson
3894,Christian Bale
3895,Michael Caine
64,Gary Oldman
1813,Anne Hathaway
2524,Tom Hardy
8293,Marion Cotillard
24045,Joseph Gordon-Levitt
192,Morgan Freeman
2037,Cillian Murphy
36594,Juno Temple
282,Charles Roven
525,Christopher Nolan
527,Jonathan Nolan
556,Emma Thomas
60900,Taylor Kitsch
21044,Lynn Collins
2206,Samantha Morton
5293,Willem Dafoe
19159,Thomas Haden Church
2983,Mark Strong
8785,Ciarán Hinds
17287,Dominic West
17648,James Purefoy
17419,Bryan Cranston
7,Andrew Stanton
490,Colin Wilson
72752,Jim Morris
72753,Lindsey Collins
67758,Michael Chabon
126638,Mark Andrews
2219,Tobey Maguire
205,Kirsten Dunst
17051,James Franco
17052,Topher Grace
18997,Bryce Dallas Howard
18998,Rosemary Harris
2505,James Cromwell
18999,J.K. Simmons
9207,Theresa Russell
7623,Sam Raimi
7627,Laura Ziskin
7626,Avi Arad
7630,Alvin Sargent
7628,Grant Curtis
7629,Ivan Raimi
69899,Zachary Levi
16855,Mandy Moore
2517,Donna Murphy
2372,Ron Perlman
22132,M.C. Gainey
4175,Jeffrey Tambor
18,Brad Garrett
1219029,Paul F. Tompkins
10460,Richard Kiel
1273208,Delaney Rose Stein
15892,Dan Fogelman
56612,Roy Conli
76595,Byron Howard
121830,Nathan Greno
3223,Robert Downey Jr.
74568,Chris Hemsworth
103,Mark Ruffalo
16828,Chris Evans
1245,Scarlett Johansson
17604,Jeremy Renner
13548,James Spader
2231,Samuel L. Jackson
1896,Don Cheadle
27428,Aaron Taylor-Johnson
10850,Kevin Feige
12891,Joss Whedon
10980,Daniel Radcliffe
10989,Rupert Grint
10990,Emma Watson
10993,Tom Felton
5658,Michael Gambon
388,Jim Broadbent
1283,Helena Bonham Carter
1923,Robbie Coltrane
10978,Maggie Smith
4566,Alan Rickman
10967,Steve Kloves
10968,David Heyman
11343,David Yates
65614,David Barron
89320,Tim Lewis
880,Ben Affleck
73968,Henry Cavill
90633,Gal Gadot
9273,Amy Adams
44735,Jesse Eisenberg
2882,Diane Lane
16940,Jeremy Irons
2975,Laurence Fishburne
18686,Holly Hunter
59233,Scoot McNairy
3893,David S. Goyer
15217,Zack Snyder
79243,Deborah Snyder
131680,Chris Terrio
17271,Brandon Routh
1979,Kevin Spacey
7517,Kate Bosworth
11006,James Marsden
7489,Parker Posey
8924,Frank Langella
53492,Sam Huntington
2639,Eva Marie Saint
3084,Marlon Brando
53493,Kal Penn
3805,Jon Peters
10953,Gilbert Adler
9032,Bryan Singer
11012,Michael Dougherty
11013,Dan Harris
18182,Olga Kurylenko
8789,Mathieu Amalric
5309,Judi Dench
3753,Giancarlo Giannini
59620,Gemma Arterton
2954,Jeffrey Wright
35029,David Harbour
2244,Jesper Christensen
62892,Anatole Taubman
455,Paul Haggis
12995,Marc Forster
378,Jonathan Pryce
1710,Lee Arenberg
1711,Mackenzie Crook
53807,Armie Hammer
886,William Fichtner
18473,James Badge Dale
207,Tom Wilkinson
47720,Ruth Wilson
12834,Barry Pepper
22063,James Frain
583040,Mason Cook
66721,Justin Haythe
335,Michael Shannon
1269,Kevin Costner
934,Russell Crowe
43202,Antje Traue
22227,Christopher Meloni
213049,Jadin Gould
25130,Ben Barnes
5528,William Moseley
5529,Anna Popplewell
5527,Skandar Keynes
5526,Georgie Henley
2166,Sergio Castellitto
25132,Alicia Borrachero
22970,Peter Dinklage
11184,Warwick Davis
25133,Vincent Grass
5162,Mark Johnson
5524,Andrew Adamson
5541,Philip Steuer
5551,Christopher Markus
5552,Stephen McFeely
91606,Tom Hiddleston
9048,Clark Gregg
71189,Cobie Smulders
955,Penélope Cruz
6972,Ian McShane
237455,Sam Claflin
469759,Astrid Bergès-Frisbey
1115,Stephen Graham
4031,Greg Ellis
1712,Damian O'Hare
17633,Rob Marshall
2888,Will Smith
2176,Tommy Lee Jones
16851,Josh Brolin
72873,Michael Stuhlbarg
7056,Emma Thompson
55936,Jemaine Clement
151246,Nicole Scherzinger
59860,Alice Eve
19278,Bill Hader
87070,Michael Chernus
2212,Walter F. Parkes
5174,Barry Sonnenfeld
8701,Laurie MacDonald
9613,Lowell Cunningham
52803,Etan Cohen
7060,Martin Freeman
1327,Ian McKellen
30315,Richard Armitage
25136,Ken Stott
95047,Graham McTavish
67123,William Kircher
34715,James Nesbitt
1193834,Stephen Hunter
152566,Dean O'Gorman
207558,Aidan Turner
108,Peter Jackson
126,Fran Walsh
128,Philippa Boyens
3506,Carolynne Cunningham
10828,Guillermo del Toro
53393,Zane Weiner
37625,Andrew Garfield
54693,Emma Stone
7026,Rhys Ifans
5724,Denis Leary
55152,Campbell Scott
76793,Irrfan Khan
8349,Martin Sheen
35,Sally Field
558928,Max Charles
231547,Chris Zylka
20204,James Vanderbilt
87742,Marc Webb
977941,Matt Tolmach
112,Cate Blanchett
2201,Max von Sydow
227,William Hurt
25072,Oscar Isaac
6413,Danny Huston
20300,Eileen Atkins
13633,Mark Addy
15576,Matthew Macfadyen
339,Brian Grazer
578,Ridley Scott
4723,Brian Helgeland
45589,Dakota Blue Richards
2227,Nicole Kidman
16431,Sam Elliott
10912,Eva Green
1281,Freddie Highmore
45585,Ben Walker
5470,Kristin Scott Thomas
3288,Chris Weitz
23420,Bill Carraro
23421,Deborah Forte
3489,Naomi Watts
70851,Jack Black
3490,Adrien Brody
3491,Thomas Kretschmann
3492,Colin Hanks
1333,Andy Serkis
3493,Evan Parke
478,Jamie Bell
3494,Lobo Chan
3495,John Sumner
3505,Jan Blenkin
204,Kate Winslet
6193,Leonardo DiCaprio
3713,Frances Fisher
1954,Billy Zane
8534,Kathy Bates
8535,Gloria Stuart
2053,Bill Paxton
1369,Bernard Hill
2076,David Warner
8536,Victor Garber
60898,Sebastian Stan
53650,Anthony Mackie
172069,Chadwick Boseman
6162,Paul Bettany
550843,Elizabeth Olsen
19271,Anthony Russo
19272,Joe Russo
28846,Alexander Skarsgård
131519,Rihanna
131520,Brooklyn Decker
13275,Tadanobu Asano
3896,Liam Neeson
1052162,Gregory D. Gadson
184581,Hamish Linklater
88124,Jesse Plemons
205406,John Tui
6870,Duncan Henderson
19282,Scott Stuber
24308,Brian Goldner
36602,Peter Berg
50769,Sarah Aubrey
112947,Erich Hoeber
112948,Jon Hoeber
937231,Bennett Schneir
73457,Chris Pratt
7132,Vincent D'Onofrio
1108907,Nick Robinson
17181,Ty Simpkins
543505,Jake Johnson
78423,Omar Sy
14592,BD Wong
20750,Judy Greer
664,Frank Marshall
25600,Patrick Crowley
67802,Rick Jaffa
67803,Amanda Silver
930707,Colin Trevorrow
1020013,Derek Connolly
3810,Javier Bardem
1030261,Bérénice Marlohe
3926,Albert Finney
11045,Ola Rapace
658,Alfred Molina
19154,Daniel Gillies
19152,Dylan Baker
20643,Lorne Orleans
12052,Gwyneth Paltrow
529,Guy Pearce
15556,Rebecca Hall
15277,Jon Favreau
2282,Ben Kingsley
121953,Stephanie Szostak
1108,Shane Black
1239407,Drew Pearce
76070,Mia Wasikowska
1064,Crispin Glover
20982,Marton Csokas
30083,Lindsay Duncan
26209,Matt Lucas
11855,Geraldine James
11276,Tim Pigott-Smith
510,Tim Burton
550,Jennifer Todd
551,Suzanne Todd
1297,Richard D. Zanuck
8275,Katterli Frauenfelder
18311,Joe Roth
38792,Linda Woolverton
959668,Derek Frey
1102209,Tom C. Peitzman
6968,Hugh Jackman
4587,Halle Berry
2387,Patrick Stewart
10696,Famke Janssen
10690,Anna Paquin
7090,Kelsey Grammer
11023,Shawn Ashmore
11022,Aaron Stanford
27578,Ellen Page
2095,Ralph Winter
7200,Lauren Shuler Donner
11092,Simon Kinberg
11011,Zak Penn
11091,Brett Ratner
7904,Billy Crystal
1230,John Goodman
884,Steve Buscemi
15735,Helen Mirren
1271300,Noah Johnston
21198,Peter Sohn
155649,Joel Murray
52601,Sean Hayes
21290,Dave Foley
95101,Charlie Day
7880,Kori Rae
7884,Daniel Gerson
7931,Robert L. Baird
225976,Dan Scanlon
10959,Shia LaBeouf
19537,Megan Fox
19536,Josh Duhamel
11678,Rainn Wilson
8169,Tyrese Gibson
1241,John Turturro
14721,Kevin Dunn
24305,Julie White
72985,Ramón Rodríguez
103554,Isabel Lucas
865,Michael Bay
3183,Don Murphy
9987,Ian Bryce
10952,Lorenzo di Bonaventura
15244,Ehren Kruger
10994,Tom DeSanto
13240,Mark Wahlberg
2283,Stanley Tucci
61186,Nicola Peltz
1007683,Jack Reynor
39389,Titus Welliver
3971,Sophia Myles
109432,Li Bingbing
51990,T.J. Miller
204100,James Bachman
18973,Mila Kunis
3293,Rachel Weisz
1812,Michelle Williams
5367,Zach Braff
8854,Bill Cobbs
125025,Joey King
19754,Tony Cox
224723,Stephen R. Hart
123725,Abigail Spencer
21218,Mitchell Kapner
23766,David Lindsay-Abaire
134,Jamie Foxx
122889,Dane DeHaan
6368,Embeth Davidtz
10132,Colm Feore
13242,Paul Giamatti
15345,Alex Kurtzman
15346,Roberto Orci
168309,Jeff Pinkner
9828,Garrett Hedlund
1229,Jeff Bridges
59315,Olivia Wilde
2547,Bruce Boxleitner
60033,Yaya DaCosta
86268,Serinda Swan
20403,Beau Garrett
130108,Elizabeth Mathis
86269,Amy Esterle
12859,Steven Lisberger
20908,Jeffrey Silver
39387,Sean Bailey
73570,Richard Jefferies
86270,Joseph Kosinski
1214366,Edward Kitsis
1214367,Adam Horowitz
887,Owen Wilson
15897,Larry the Cable Guy
1246,Emily Mortimer
1926,Eddie Izzard
3266,Joe Mantegna
31514,Peter Jacobson
11357,Bruce Campbell
7879,John Lasseter
32532,Brad Lewis
129975,Ben Queen
970529,Denise Ream
10859,Ryan Reynolds
59175,Blake Lively
133,Peter Sarsgaard
504,Tim Robbins
7242,Temuera Morrison
109942,Jenna Craig
4602,Jon Tenney
27107,Mike Doyle
147719,NicK Jandl
10296,Michael Goldenberg
10702,Martin Campbell
58470,Donald De Line
88967,Greg Berlanti
171830,Marc Guggenheim
191937,Michael Green
211962,Geoff Johns
31,Tom Hanks
12898,Tim Allen
13726,Ned Beatty
3234,Joan Cusack
2232,Michael Keaton
2395,Whoopi Goldberg
5149,Bonnie Hunt
12900,Wallace Shawn
7907,John Ratzenberger
7167,Don Rickles
8,Lee Unkrich
7878,Darla K. Anderson
16961,Michael Arndt
21028,Anton Yelchin
56455,Moon Bloodgood
4238,Common
76542,Roland Kickinger
11086,Michael Ironside
13724,Jane Alexander
7214,John D. Brancato
7215,Michael Ferris
36425,McG
20295,Moritz Borman
81142,Derek Anderson
964905,Victor Kubicek
12835,Vin Diesel
8167,Paul Walker
18918,Dwayne Johnson
8171,Ludacris
22123,Jordana Brewster
938,Djimon Hounsou
57207,Tony Jaa
997887,Ronda Rousey
2127,James Wan
8181,Michael Fottrell
11874,Neal H. Moritz
58191,Chris Morgan
75826,Brandon Birtell
287,Brad Pitt
175826,Mireille Enos
1027850,Abigail Hargrove
1186840,Sterling Jerins
78050,Elyes Gabel
7219,David Andrews
1180907,Daniella Kertesz
119297,Ludi Boeken
2607,Fana Mokoena
20458,Dede Gardner
36603,Matthew Michael Carnahan
47506,Drew Goddard
28974,Damon Lindelof
967387,Jeremy Kleiner
5530,James McAvoy
17288,Michael Fassbender
72129,Jennifer Lawrence
584598,Hutch Parker
62064,Chris Pine
17306,Zachary Quinto
1372,Karl Urban
11108,Simon Pegg
68842,John Cho
71580,Benedict Cumberbatch
21089,Bruce Greenwood
27811,Peter Weller
15344,J.J. Abrams
28977,Bryan Burk
3292,Nicholas Hoult
73357,Eleanor Tomlinson
3061,Ewan McGregor
1665,Eddie Marsan
1125,Ewen Bremner
53916,Ralph Brown
9033,Christopher McQuarrie
42994,David Dobkin
188869,Dan Studney
582919,Darren Lemke
36662,Carey Mulligan
33192,Joel Edgerton
1133349,Elizabeth Debicki
52848,Isla Fisher
76512,Jason Clarke
35780,Amitabh Bachchan
236851,Callan McAuliffe
205474,Adelaide Clemens
6201,Baz Luhrmann
6203,Catherine Martin
6211,Craig Pearce
12202,Catherine Knapman
19862,Lucy Fisher
131,Jake Gyllenhaal
55412,Steve Toussaint
20286,Toby Kebbell
52890,Richard Coyle
32556,Ronald Pickup
54810,Reece Ritchie
587354,Gísli Örn Garðarsson
10723,Mike Newell
52358,Boaz Yakin
81203,Doug Miro
121479,Carlo Bernard
17605,Idris Elba
56365,Charlie Hunnam
39659,Burn Gorman
18054,Rinko Kikuchi
94864,Max Martini
112692,Robert Maillet
1038379,Robert Kazinsky
118590,Larry Joe Campbell
114016,Travis Beacham
61091,Jon Jashni
114408,Mary Parent
54211,Thomas Tull
6949,John Malkovich
83586,Ken Jeong
3910,Frances McDormand
1331,Hugo Weaving
1749,Leonard Nimoy
236048,Rosie Huntington-Whiteley
10118,Kenny Bates
3,Harrison Ford
5538,Ray Winstone
650,Karen Allen
5049,John Hurt
36218,Andrew Divoff
52761,Igor Jijikine
52762,Pavel Lychnikoff
488,Steven Spielberg
508,David Koepp
963134,Raymond Ochoa
1476748,Jack Bright
1540680,Maleah Nipay-Padilla
1540681,Ryan Teeple
1540682,Jack McGraw
1348591,Marcus Scribner
18324,Steve Zahn
1457025,Meg LeFauve
9015,Kelly Macdonald
477,Julie Walters
9188,Billy Connolly
9013,Kevin McKidd
24264,Craig Ferguson
1113604,Peigi Barker
1102427,Steven Cree
137262,Steve Purcell
7901,Katherine Sarafian
56041,Irene Mecchi
59803,Brenda Chapman
568657,Sofia Boutella
592496,Joe Taslim
58189,Justin Lin
65779,Doug Jung
670,Ben Burtt
72754,Elissa Knight
60074,Jeff Garlin
20753,Fred Willard
11074,Kathy Najimy
117081,Teresa Ganzel
35159,Laraine Newman
72755,MacInTalk
59357,Teddy Newton
15020,Jim Reardon
66,Chris Tucker
18897,Jackie Chan
9195,Hiroyuki Sanada
2245,Yvan Attal
3556,Roman Polanski
41894,Zhang Jingchu
4492,Philip Baker Hall
145633,Noémie Lenoir
164945,Sarah Shahi
2689,Jeff Nathanson
4504,Roger Birnbaum
21635,Jonathan Glickman
21636,Arthur M. Sarkissian
41896,Jay Stern
3036,John Cusack
2956,Amanda Peet
5294,Chiwetel Ejiofor
9030,Thandie Newton
17485,Oliver Platt
17867,Tom McCarthy
57755,Woody Harrelson
2047,Danny Glover
83852,Liam James
74227,Morgan Lily
511,Larry J. Franco
5430,Harald Kloser
6046,Roland Emmerich
6048,Mark Gordon
27952,Volker Engel
947478,Marc Weigert
1102080,Aaron Boyd
1102081,Kirstin Winkler
206,Jim Carrey
78311,Steve Valentine
57675,Daryl Sabara
558926,Sage Ryan
1074139,Amber Gainey Meade
492081,Ryan Ochoa
1074140,Bobbi Page
60602,Ron Bottitta
61831,Sammi Hanratty
24,Robert Zemeckis
38673,Channing Tatum
48,Sean Bean
37632,Eddie Redmayne
230680,Douglas Booth
89822,Tuppence Middleton
1216606,Gugu Mbatha-Raw
109319,Nikki Amuka-Bird
47625,Christina Cole
1360221,Nicholas A. Newman
8528,Grant Hill
9339,Lilly Wachowski
9340,Lana Wachowski
234352,Margot Robbie
1026019,Casper Crump
1029045,Yule Masiteng
21343,Ben Chaplin
1795843,Sidney Ralitsoele
1707,Stuart Beattie
53267,Craig Brewer
55474,John Collee
1106745,Adam Cozad
3063,Tilda Swinton
5531,Kiran Shah
2467,James Cosmo
4854,David Minkowski
4856,Matthew Stillman
5543,Douglas Gresham
5545,K.C. Hodenfield
5550,Ann Peacock
9827,Rose Byrne
55089,Evan Peters
1056053,Josh Helman
1001657,Sophie Turner
1034681,Tye Sheridan
1810,Heath Ledger
6383,Aaron Eckhart
1579,Maggie Gyllenhaal
53651,Monique Gabriela Curnen
57597,Ron Dean
68812,Ed Asner
290,Christopher Plummer
80676,Jordan Nagai
10,Bob Peterson
18792,Delroy Lindo
7960,Jerome Ranft
84490,David Kaye
84491,Elie Docter
84492,Jeremy Leary
7940,Jonas Rivera
12890,Pete Docter
19274,Seth Rogen
368,Reese Witherspoon
41419,Hugh Laurie
22226,Paul Rudd
2628,Kiefer Sutherland
21200,Will Arnett
58769,Stephen Colbert
78303,Jimmy Kimmel
12080,Conrad Vernon
486,Wallace Wolodarsky
57743,Glenn Berger
57744,Jonathan Aibel
67360,Maya Forbes
65630,Rob Letterman
18288,Terrence Howard
17857,Shaun Toub
57452,Faran Tahir
57451,Leslie Bibb
163671,Will Lyman
18873,Art Marcum
18875,Matt Holloway
6730,Sacha Baron Cohen
77996,Asa Butterfield
56734,Chloë Grace Moretz
113,Christopher Lee
15737,Helen McCrory
47468,Frances de la Tour
1032,Martin Scorsese
16729,Graham King
114479,Tim Headington
938234,Brian Selznick
8945,Kevin Kline
11181,Kenneth Branagh
3136,Salma Hayek
588,M. Emmet Walsh
15854,Ted Levine
55254,Frederique van der Wal
1475,Musetta Vander
55255,Sofia Eng
31647,Garcelle Beauvais
12100,Jeffrey Price
12101,Peter S. Seaman
26475,Brent Maddock
26479,S. S. Wilson
18269,Brendan Fraser
1336,Jet Li
10727,John Hannah
49,Maria Bello
55900,Luke Ford
1620,Michelle Yeoh
72040,Isabella Leong
66717,Anthony Wong
21354,Russell Wong
15498,Liam Cunningham
7775,Stephen Sommers
7779,Sean Daniel
18878,Rob Cohen
18923,Miles Millar
18924,Alfred Gough
92404,Joel Kinnaman
19492,Viola Davis
7499,Jared Leto
224181,Jai Courtney
19487,Jay Hernandez
31164,Adewale Akinnuoye-Agbaje
1289968,Cara Delevingne
1461608,Karen Fukuhara
19769,David Ayer
18953,Richard Suckle
4495,Steve Carell
16858,Lauren Graham
6860,Jimmy Bennett
8265,John Michael Higgins
27102,Wanda Sykes
27103,Graham Phillips
27104,Johnny Simmons
21007,Jonah Hill
4489,Steve Oedekerk
4499,Tom Shadyac
4505,Michael Bostick
4507,Gary Barber
500,Tom Cruise
5081,Emily Blunt
2039,Brendan Gleeson
119224,Jonas Armstrong
147255,Tony Way
93111,Kick Gurry
1363086,Franz Drameh
125740,Dragomir Mrsic
115679,Charlotte Riley
10950,Erwin Stoff
8702,Jason Hoffs
11694,Doug Liman
53756,Tom Lassally
119665,Gregory Jacobs
120254,John-Henry Butterworth
59350,Chaim Girafi
3432,Rick Aviles
49832,R. D. Call
59352,Zitto Kazann
10478,Jeanne Tripplehorn
2778,Dennis Hopper
47458,Zakes Mokae
1240,Jack Kehler
1093,Lawrence Gordon
2043,John Davis
7681,Charles Gordon
8300,Kevin Reynolds
6065,Dennis Quaid
9562,Marlon Wayans
23459,Sienna Miller
5419,Saïd Taghmaoui
2040,Christopher Eccleston
25002,Lee Byung-hun
50347,Rachel Nichols
7784,Bob Ducsay
34672,David Elliot
84768,Paul Lovett
56322,Amy Poehler
169200,Phyllis Smith
21125,Richard Kind
59258,Lewis Black
125167,Mindy Kaling
1371894,Kaitlyn Dias
6677,Kyle MacLachlan
196502,Paula Poundstone
84496,Josh Cooley
1414734,Neel Sethi
1532,Bill Murray
4690,Christopher Walken
1267329,Lupita Nyong'o
4808,Giancarlo Esposito
52865,Garry Shandling
78428,Justin Marks
1607513,Brigham Taylor
2295,Mickey Rourke
6807,Sam Rockwell
21134,John Slattery
15009,Justin Theroux
113674,Victoria Alonso
113675,Jeremy Latcham
37917,Kristen Stewart
6885,Charlize Theron
11109,Nick Frost
13014,Toby Jones
382,Bob Hoskins
136,Sam Mercer
54040,John Lee Hancock
56960,Hossein Amini
228134,Rupert Sanders
228135,Evan Daugherty
11701,Angelina Jolie
18050,Elle Fanning
82191,Sharlto Copley
32987,Sam Riley
11356,Imelda Staunton
72305,Lesley Manville
1017347,Brenton Thwaites
1355733,Isobelle Molloy
8436,Miranda Richardson
12824,Don Hahn
1032536,Robert Stromberg
41292,Keri Russell
113505,Kodi Smit-McPhee
55861,Kirk Acevedo
236696,Terry Notary
58395,Karin Konoval
18189,Mark Bomback
32278,Matt Reeves
266920,Peter Chernin
935717,Dylan Clark
2299,Josh Hartnett
76850,Simone Kessell
66442,Tamsin Egerton
587823,Alice Englert
85035,Bipasha Basu
79003,Abhay Deol
587822,Tehmina Sunny
30576,Shane Briant
55578,Steve Nicolson
53676,Atul Kulkarni
8965,Roland Joffé
48309,Paul Breuls
48310,Catherine Vandeleene
62927,Guy J. Louthan
322424,Grant Bradley
587816,Ajey Jhankar
941088,Dale G. Bradley
6384,Keanu Reeves
58593,Kou Shibasaki
136191,Min Tanaka
1253541,Jin Akanishi
1095404,Masayoshi Haneda
1278788,Hiroshi Sogabe
1278789,Takato Yonemoto
5378,Pamela Abdy
239571,Carl Rinsch
4135,Robert Redford
81685,Frank Grillo
1018947,Maximiliano Hernández
84247,Emily VanCamp
12073,Mike Myers
776,Eddie Murphy
6941,Cameron Diaz
3131,Antonio Banderas
5823,Julie Andrews
65717,Jon Hamm
8930,John Cleese
64342,Craig Robinson
118489,Walt Dohrn
43775,Jane Lynch
12081,William Steig
64151,Mike Mitchell
113664,Josh Klausner
52018,Britt Robertson
1461,George Clooney
1055230,Raffey Cassidy
965224,Thomas Robinson
17696,Kathryn Hahn
298410,Keegan-Michael Key
74428,Tim McGraw
4445,Chris Bauer
992427,Pierce Gagnon
7087,Brad Bird
40592,Jeffrey Chernov
66580,Scott Adsit
515510,Ryan Potter
82093,Daniel Henney
78324,Jamie Chung
87822,Damon Wayans Jr.
589162,Génesis Rodríguez
21088,Alan Tudyk
52792,Maya Rudolph
70238,Chris Williams
78600,Jordan Roberts
227439,Don Hall
4764,John C. Reilly
7404,Sarah Silverman
58737,Jack McBrayer
21131,Joe Lo Truglio
18977,Ed O'Neill
352,Dennis Haysbert
76245,Adam Carolla
69798,Clark Spencer
165787,Rich Moore
567562,Phil Johnston
928605,Monica Lago-Kaytis
1120694,Jennifer Lee
2169,Michael Jeter
18286,Nona Gaye
42363,Peter Scolari
42362,Eddie Deezen
42287,Leslie Zemeckis
37935,Steven Tyler
42286,Julene Renee
23791,Chris Coppola
12826,Charles Fleischer
30,Steve Starkey
142,William Broyles Jr.
27098,Gary Goetzman
42357,William Teitler
96066,Liam Hemsworth
4785,Jeff Goldblum
8984,Bill Pullman
1094091,Maika Monroe
6068,Sela Ward
2535,Vivica A. Fox
4273,Charlotte Gainsbourg
1213786,Brent Spiner
6167,Judd Hirsch
8676,Dean Devlin
73609,Nicolas Wright
80019,James A. Woods
449,Jay Baruchel
17276,Gerard Butler
59174,America Ferrera
54691,Christopher Mintz-Plasse
41091,Kristen Wiig
130081,Robin Atkin Downes
138619,Philip McGrade
12894,Bonnie Arnold
66193,Chris Sanders
69797,Dean DeBlois
138615,Will Davies
1100,Arnold Schwarzenegger
6408,Nick Stahl
6194,Claire Danes
7218,Kristanna Loken
7220,Mark Famiglietti
2716,Earl Boen
7221,Moira Harris
7222,Chopper Bernet
7223,Christopher Lawford
3986,Mario Kassar
7213,Jonathan Mostow
7227,Hal Lieberman
7228,Joel B. Michaels
56967,Andrew G. Vajna
66185,Matthias Deyle
1282435,Colin Wilson
51329,Bradley Cooper
72095,Lee Pace
12132,Michael Rooker
543261,Karen Gillan
15218,James Gunn
1171123,Nicole Perlman
10297,Matthew McConaughey
83002,Jessica Chastain
1893,Casey Affleck
851784,Mackenzie Foy
1190668,Timothée Chalamet
58549,Bill Irwin
1892,Matt Damon
9560,Ellen Burstyn
2162,Lynda Obst
3899,Ken Watanabe
95697,Dileep Rao
13022,Tom Berenger
1098600,Hiroki Hasegawa
588403,Yutaka Takenouchi
224664,Satomi Ishihara
120690,Kengo Kora
1502395,Matsuo Satoru
130654,Mikako Ichikawa
87662,Issei Takahashi
13256,Kanji Tsuda
58608,Shinya Tsukamoto
1405926,Toru Nomaguchi
77921,Hideaki Anno
80752,Shinji Higuchi
132118,Kazutoshi Wadakura
1109004,Yoshihiro Satô
1537404,Taichi Ueda
1821075,Masaya Shibusawa
80112,Sylvester McCoy
65,Ian Holm
109,Elijah Wood
10883,Rick Yune
9186,Chad Lindberg
12796,Johnny Strong
31841,Matt Schulze
8175,Thom Barry
8162,Gary Scott Thompson
59327,Erik Bergquist
